-- phpMyAdmin SQL Dump
-- version 4.8.5
-- https://www.phpmyadmin.net/
--
-- Máy chủ: 127.0.0.1
-- Thời gian đã tạo: Th5 26, 2019 lúc 12:01 PM
-- Phiên bản máy phục vụ: 10.1.38-MariaDB
-- Phiên bản PHP: 7.3.4

SET SQL_MODE = "NO_AUTO_VALUE_ON_ZERO";
SET AUTOCOMMIT = 0;
START TRANSACTION;
SET time_zone = "+00:00";


/*!40101 SET @OLD_CHARACTER_SET_CLIENT=@@CHARACTER_SET_CLIENT */;
/*!40101 SET @OLD_CHARACTER_SET_RESULTS=@@CHARACTER_SET_RESULTS */;
/*!40101 SET @OLD_COLLATION_CONNECTION=@@COLLATION_CONNECTION */;
/*!40101 SET NAMES utf8mb4 */;

--
-- Cơ sở dữ liệu: `db_banhang`
--

-- --------------------------------------------------------

--
-- Cấu trúc bảng cho bảng `tbl_bills`
--

CREATE TABLE `tbl_bills` (
  `bill_id` int(11) NOT NULL COMMENT 'id hóa đơn',
  `bill_customer_id` int(11) DEFAULT NULL COMMENT 'id khách hàng đặt hóa đơn',
  `bill_date_order` date DEFAULT NULL COMMENT 'ngày đặt hàng',
  `bill_total` double DEFAULT NULL COMMENT 'tổng tiền',
  `bill_payment` varchar(255) DEFAULT NULL COMMENT 'hình thức thanh toán',
  `bill_note` varchar(255) DEFAULT NULL COMMENT 'ghi chú',
  `created_at` timestamp NULL DEFAULT NULL COMMENT 'thời gian tạo',
  `updated_at` timestamp NULL DEFAULT NULL COMMENT 'thời gian sửa'
) ENGINE=InnoDB DEFAULT CHARSET=utf8;

--
-- Đang đổ dữ liệu cho bảng `tbl_bills`
--

INSERT INTO `tbl_bills` (`bill_id`, `bill_customer_id`, `bill_date_order`, `bill_total`, `bill_payment`, `bill_note`, `created_at`, `updated_at`) VALUES
(9, 10, '2018-07-14', 340000, 'ATM', 'Nhớ chuyển hàng đúng giờ nhé! ahihi', '2018-07-14 08:08:33', '2018-07-14 08:08:33'),
(32, 33, '2019-04-27', 347000, 'COD', 'Lỗi j nữa đây', '2019-04-27 09:43:31', '2019-04-27 09:43:31'),
(33, 34, '2019-04-27', 360000, 'COD', 'test lần nữa nha', '2019-04-27 09:56:39', '2019-04-27 09:56:39'),
(34, 35, '2019-05-18', 598000, 'ATM', '', '2019-05-18 05:40:34', '2019-05-18 05:40:34'),
(35, 36, '2019-05-18', 598000, 'ATM', '', '2019-05-18 05:41:58', '2019-05-18 05:41:58'),
(36, 37, '2019-05-21', 1396000, 'ATM', 'ahihi', '2019-05-21 14:32:14', '2019-05-21 14:32:14'),
(37, 38, '2019-05-21', 1396000, 'ATM', 'ahihi', '2019-05-21 14:33:06', '2019-05-21 14:33:06'),
(38, 39, '2019-05-21', 1396000, 'ATM', 'afsfsd', '2019-05-21 14:35:07', '2019-05-21 14:35:07'),
(39, 40, '2019-05-21', 349000, 'COD', 'xzfzdf', '2019-05-21 14:37:08', '2019-05-21 14:37:08'),
(40, 41, '2019-05-25', 2023000, 'COD', 'tao test lan nua thoi nha :v', '2019-05-25 15:24:14', '2019-05-25 15:24:14');

-- --------------------------------------------------------

--
-- Cấu trúc bảng cho bảng `tbl_bill_detail`
--

CREATE TABLE `tbl_bill_detail` (
  `bill_detail_id` int(11) NOT NULL COMMENT 'id',
  `bill_detail_bill_id` int(11) DEFAULT NULL,
  `bill_detail_product_id` int(11) DEFAULT NULL COMMENT 'id sản phẩm',
  `bill_detail_quantity` int(11) DEFAULT NULL COMMENT 'số lượng hóa đơn',
  `bill_detail_unit_price` double DEFAULT NULL COMMENT 'giá cả hóa đơn',
  `bill_detail_color` varchar(50) DEFAULT NULL,
  `bill_detail_size` varchar(100) DEFAULT NULL COMMENT 'kích thước sản phẩm',
  `created_at` timestamp NULL DEFAULT NULL,
  `updated_at` timestamp NULL DEFAULT NULL
) ENGINE=InnoDB DEFAULT CHARSET=utf8;

--
-- Đang đổ dữ liệu cho bảng `tbl_bill_detail`
--

INSERT INTO `tbl_bill_detail` (`bill_detail_id`, `bill_detail_bill_id`, `bill_detail_product_id`, `bill_detail_quantity`, `bill_detail_unit_price`, `bill_detail_color`, `bill_detail_size`, `created_at`, `updated_at`) VALUES
(34, 37, 1, 4, 349000, 'Xanh', 'M', '2019-05-21 14:33:06', '2019-05-21 14:33:06'),
(35, 38, 1, 4, 349000, 'TIm', 'M', '2019-05-21 14:35:07', '2019-05-21 14:35:07'),
(36, 39, 1, 1, 349000, 'Hong', 'S', '2019-05-21 14:37:09', '2019-05-21 14:37:09'),
(37, 40, 3, 3, 285000, 'Xanh rêu', 'Freesize', '2019-05-25 15:24:15', '2019-05-25 15:24:15'),
(38, 40, 5, 2, 235000, 'Xám', 'Freesize', '2019-05-25 15:24:15', '2019-05-25 15:24:15'),
(39, 40, 1, 2, 349000, 'Hồng', 'S', '2019-05-25 15:24:15', '2019-05-25 15:24:15');

-- --------------------------------------------------------

--
-- Cấu trúc bảng cho bảng `tbl_customer`
--

CREATE TABLE `tbl_customer` (
  `customer_id` int(11) NOT NULL COMMENT 'id khách hàng',
  `customer_name` varchar(100) DEFAULT NULL COMMENT 'tên khách hàng',
  `customer_gender` varchar(10) DEFAULT NULL COMMENT 'giới tính',
  `customer_email` varchar(100) DEFAULT NULL COMMENT 'email',
  `customer_address` varchar(100) DEFAULT NULL COMMENT 'địa chỉ',
  `customer_phone` varchar(20) DEFAULT NULL COMMENT 'số điện thoại',
  `customer_note` varchar(255) DEFAULT NULL COMMENT 'ghi chú',
  `created_at` timestamp NULL DEFAULT NULL COMMENT 'thời gian tạo',
  `updated_at` timestamp NULL DEFAULT NULL COMMENT 'thời gian sửa'
) ENGINE=InnoDB DEFAULT CHARSET=utf8;

--
-- Đang đổ dữ liệu cho bảng `tbl_customer`
--

INSERT INTO `tbl_customer` (`customer_id`, `customer_name`, `customer_gender`, `customer_email`, `customer_address`, `customer_phone`, `customer_note`, `created_at`, `updated_at`) VALUES
(10, 'Ngọc Tuyền', 'nữ', 'ngoctuyen1996.huynh@gmail.com', 'TP.Tây Ninh', '01645314828', 'Nhớ chuyển hàng đúng giờ nhé! ahihi', '2018-07-14 08:08:33', '2018-07-14 08:08:33'),
(11, 'Andy', 'nam', 'andy@gmail', 'Quận 1 TP.HCM', '099999999', 'Giao trước 12h nhé', '2018-07-14 08:49:17', '2018-07-14 08:49:17'),
(33, 'Huynh Ngoc Tuyen', 'nữ', 'ngoctuyen1996.huynh@gmail.com', '12 Nguyễn Văn Bảo, P.4, Q. Gò Vấp, TP.HCM', '0345314828', 'Lỗi j nữa đây', '2019-04-27 09:43:31', '2019-04-27 09:43:31'),
(34, 'Nguyễn Thành Nam', 'nam', 'ngoctuyen1996.huynh@gmail.com', '12 Nguyễn Văn Bảo, P.4, Q. Gò Vấp, TP.HCM', '0395223389', 'test lần nữa nha', '2019-04-27 09:56:38', '2019-04-27 09:56:38'),
(35, 'HNT', 'nam', 'ngoctuyen1996.huynh@gmail.com', 'Trường Chinh, Tây Ninh', '0986553182', '', '2019-05-18 05:40:34', '2019-05-18 05:40:34'),
(36, 'HNT', 'nam', 'ngoctuyen1996.huynh@gmail.com', 'Trường Chinh, Tây Ninh', '0986553182', '', '2019-05-18 05:41:57', '2019-05-18 05:41:57'),
(37, 'test', 'nam', 'expample@gmail.com', 'Ho Chi Minh', '0385184215', 'ahihi', '2019-05-21 14:32:14', '2019-05-21 14:32:14'),
(38, 'test', 'nam', 'expample@gmail.com', 'Ho Chi Minh', '0385184215', 'ahihi', '2019-05-21 14:33:06', '2019-05-21 14:33:06'),
(39, 'test', 'nam', 'expample@gmail.com', 'Ho Chi Minh', '0385184215', 'afsfsd', '2019-05-21 14:35:07', '2019-05-21 14:35:07'),
(40, 'test', 'nữ', 'ngoctuyen1996.huynh@gmail.com', 'Ho Chi Minh', '0385184215', 'xzfzdf', '2019-05-21 14:37:08', '2019-05-21 14:37:08'),
(41, 'Đinh Thị Ngọc Hồng', 'nữ', 'dinhvanhong2109@gmail.com', '12 Nguyễn Văn Bảo, P.4, Q. Gò Vấp, TP.HCM', '0932139375', 'tao test lan nua thoi nha :v', '2019-05-25 15:24:14', '2019-05-25 15:24:14');

-- --------------------------------------------------------

--
-- Cấu trúc bảng cho bảng `tbl_news`
--

CREATE TABLE `tbl_news` (
  `news_id` int(11) NOT NULL,
  `news_title` varchar(255) DEFAULT NULL,
  `news_alias` varchar(255) DEFAULT NULL,
  `news_content` text,
  `news_image` varchar(255) DEFAULT NULL,
  `created_at` timestamp NULL DEFAULT NULL,
  `updated_at` timestamp NULL DEFAULT NULL
) ENGINE=InnoDB DEFAULT CHARSET=utf8;

--
-- Đang đổ dữ liệu cho bảng `tbl_news`
--

INSERT INTO `tbl_news` (`news_id`, `news_title`, `news_alias`, `news_content`, `news_image`, `created_at`, `updated_at`) VALUES
(2, 'Mùa nắng mưa thất thường, nàng công sở thôi đừng diện mấy món đồ này kẻo vác bực vào người', 'mua-nang-mua-that-thuong-nang-cong-so-thoi-dung-dien-may-mon-do-nay-keo-vac-buc-vao-nguoi', '<div class=\"nsSap sap clrF\" style=\"margin: 10px 0px; box-sizing: border-box; clear: both;\">\r\n<h2><span style=\"font-family:arial,helvetica,sans-serif\"><span style=\"font-size:18px\"><strong>Không muốn cơn mưa bất chợt phá hỏng cả bộ đồ chỉn chu và xinh xẻo tới công sở, chị em tốt hơn cả nên tránh diện mấy món đồ dưới đây trong những ngày thời tiết ẩm ương.</strong></span></span></h2>\r\n</div>\r\n\r\n<div class=\"nwsCt\" id=\"baiviet-container\" style=\"margin: 0px auto; box-sizing: border-box;\">\r\n<p style=\"text-align:justify\"><span style=\"font-family:arial,helvetica,sans-serif\"><span style=\"font-size:16px\">Sau những ngày nắng chói chang, thời tiết Sài Gòn lại chuyển qua trạng thái ẩm ương cực khó chiều, lúc nắng lúc mưa thật chẳng biết đâu mà lần. Với&nbsp;kiểu thời tiết thất thường này, chị em tốt hơn cả nên cẩn thận hơn trong việc lựa chọn trang phục trước khi bước ra khỏi nhà mỗi ngày, đặc biệt là những nàng luôn cần đảm bảo hình ảnh chỉn chu tới công sở.&nbsp;Theo đó, để tránh những mưa bất chợt vùi dập bộ đồ xinh xẻo, các nàng tốt hơn cả nên tránh diện mấy items dưới đây.</span></span></p>\r\n\r\n<p style=\"text-align:justify\"><span style=\"font-family:arial,helvetica,sans-serif\"><span style=\"font-size:16px\"><strong>Quần/chân váy sáng màu</strong></span></span></p>\r\n\r\n<p style=\"text-align:justify\"><span style=\"font-family:arial,helvetica,sans-serif\"><span style=\"font-size:16px\">Biết rằng những mẫu quần hay chân váy mang gam màu tươi sáng luôn đem tới vẻ nhã nhặn, thanh lịch và đặc biệt trẻ trung cho diện mạo các nàng. Thế nhưng, chúng chắc chắn không phải là gợi ý lên đồ hay ho trong những ngày thời tiết ẩm ương với nắng mưa bất chợt như hiện tại. Thử tưởng tượng mà xem, những chiếc quần hay chân váy mang gam trắng, be, hay kem,... mà các nàng đã cẩn thận giữ gìn sạch đẹp bao lâu nay bỗng bị vấy bẩn vì dính bùn cho cơn mưa bất chợt ập tới. Nghe thôi đã thấy như ác mộng rồi phải không?</span></span></p>\r\n\r\n<p style=\"text-align:center\"><span style=\"font-family:arial,helvetica,sans-serif\"><span style=\"font-size:16px\"><img alt=\"mua nang mua that thuong, nang cong so thoi dung dien may mon do nay keo vac buc vao nguoi - 1\" class=\"loaded news-image\" src=\"https://cdn.eva.vn/upload/2-2019/images/2019-05-13/mua-nang-mua-that-thuong-nang-cong-so-thoi-dung-dien-may-mon-do-nay-keo-vac-buc-vao-nguoi-6407c2cely1g1a5ws2zszj22zc3z4u11-1557719089-134-width600height800.jpg\" style=\"border:0px; box-sizing:border-box; display:block; height:auto; margin:0px auto; max-width:660px; width:inherit\" /></span></span></p>\r\n\r\n<p style=\"text-align:center\"><span style=\"font-family:arial,helvetica,sans-serif\"><span style=\"font-size:14px\"><span style=\"color:#0000CD\">Những chiếc quần sáng màu của các nàng sẽ phải đối mặt với bùn bẩn nếu được diện trong những ngày nắng mưa thất thường.</span></span></span></p>\r\n\r\n<p style=\"text-align:center\"><span style=\"font-family:arial,helvetica,sans-serif\"><span style=\"font-size:16px\"><img alt=\"mua nang mua that thuong, nang cong so thoi dung dien may mon do nay keo vac buc vao nguoi - 2\" class=\"loaded news-image\" src=\"https://cdn.eva.vn/upload/2-2019/images/2019-05-13/mua-nang-mua-that-thuong-nang-cong-so-thoi-dung-dien-may-mon-do-nay-keo-vac-buc-vao-nguoi-006a74esly1g11azs6l1nj32162pkkjq-1557719088-917-width600height800.jpg\" style=\"border:0px; box-sizing:border-box; display:block; height:auto; margin:0px auto; max-width:660px; width:inherit\" /></span></span></p>\r\n\r\n<p style=\"text-align:center\"><span style=\"font-family:arial,helvetica,sans-serif\"><span style=\"font-size:14px\"><span style=\"color:#0000CD\">Tương tự như vậy, những chiếc chân váy sáng màu dáng dài nên được cất ở nhà trong mấy ngày này thì hơn.</span></span></span></p>\r\n\r\n<p style=\"text-align:justify\"><span style=\"font-family:arial,helvetica,sans-serif\"><span style=\"font-size:16px\">Không lựa chọn quần/chân váy sáng màu, chị em còn rất nhiều những gợi ý lên đồ cực hay ho mà đặc biệt vẫn rất trẻ trung, thanh lịch khác. Trong đó, điển hình nhất có thể kể tới là những mẫu quần/chân váy jeans, quần/chân váy suông tối màu, quần/chân váy suông phủ hoạ tiết,... Tất cả đều hoàn toàn phù hợp để diện tới môi trường công sở. Và điều duy nhất các nàng cần lưu ý khi lựa chọn những items trên là mix&amp;match chúng với các mẫu áo sơ mi, áo blouse hay áo phông sao cho thật hài hoà và hợp nhãn.</span></span></p>\r\n\r\n<p style=\"text-align:center\"><span style=\"font-family:arial,helvetica,sans-serif\"><span style=\"font-size:16px\"><img alt=\"mua nang mua that thuong, nang cong so thoi dung dien may mon do nay keo vac buc vao nguoi - 3\" class=\"loaded news-image\" src=\"https://cdn.eva.vn/upload/2-2019/images/2019-05-13/mua-nang-mua-that-thuong-nang-cong-so-thoi-dung-dien-may-mon-do-nay-keo-vac-buc-vao-nguoi-64faf77dly1g2s04l3a0aj20u019eb2c-1557719089-835-width600height908.jpg\" style=\"border:0px; box-sizing:border-box; display:block; height:auto; margin:0px auto; max-width:660px; width:inherit\" /></span></span></p>\r\n\r\n<p style=\"text-align:center\"><span style=\"font-family:arial,helvetica,sans-serif\"><span style=\"font-size:16px\"><span style=\"color:#0000CD\">Lúc này, những chiếc quần jeans là gợi ý hoàn hảo dành cho các nàng.</span></span></span></p>\r\n\r\n<p style=\"text-align:center\"><span style=\"font-family:arial,helvetica,sans-serif\"><span style=\"font-size:16px\"><img alt=\"mua nang mua that thuong, nang cong so thoi dung dien may mon do nay keo vac buc vao nguoi - 4\" class=\"loaded news-image\" src=\"https://cdn.eva.vn/upload/2-2019/images/2019-05-13/mua-nang-mua-that-thuong-nang-cong-so-thoi-dung-dien-may-mon-do-nay-keo-vac-buc-vao-nguoi-6b6c6ac9ly1g2b3nvnx3rj237r4tm4qu-1557719088-83-width600height900.jpg\" style=\"border:0px; box-sizing:border-box; display:block; height:auto; margin:0px auto; max-width:660px; width:inherit\" /></span></span></p>\r\n\r\n<p style=\"text-align:center\"><span style=\"font-family:arial,helvetica,sans-serif\"><span style=\"font-size:14px\"><span style=\"color:#0000CD\">Diện quần jeans với áo sơ mi, chị em có ngay một set đồ công sở thừa thanh lịch và trẻ trung.</span></span></span></p>\r\n\r\n<p style=\"text-align:center\"><span style=\"font-family:arial,helvetica,sans-serif\"><span style=\"font-size:16px\"><img alt=\"mua nang mua that thuong, nang cong so thoi dung dien may mon do nay keo vac buc vao nguoi - 5\" class=\"loaded news-image\" src=\"https://cdn.eva.vn/upload/2-2019/images/2019-05-13/mua-nang-mua-that-thuong-nang-cong-so-thoi-dung-dien-may-mon-do-nay-keo-vac-buc-vao-nguoi-66ed930fgy1g22h94kuzkj21og2iob2c-1557719089-631-width600height874.jpg\" style=\"border:0px; box-sizing:border-box; display:block; height:auto; margin:0px auto; max-width:660px; width:inherit\" /></span></span></p>\r\n\r\n<p style=\"text-align:center\"><span style=\"font-family:arial,helvetica,sans-serif\"><span style=\"font-size:14px\"><span style=\"color:#0000CD\">Các nàng cũng có thể cân nhắc lựa chọn những chiếc quần âu gam màu trầm, tối.</span></span></span></p>\r\n\r\n<p style=\"text-align:center\"><span style=\"font-family:arial,helvetica,sans-serif\"><span style=\"font-size:16px\"><img alt=\"mua nang mua that thuong, nang cong so thoi dung dien may mon do nay keo vac buc vao nguoi - 6\" class=\"loaded news-image\" src=\"https://cdn.eva.vn/upload/2-2019/images/2019-05-13/mua-nang-mua-that-thuong-nang-cong-so-thoi-dung-dien-may-mon-do-nay-keo-vac-buc-vao-nguoi-64faf77dgy1g1m5x2lplaj218g1q8b29-1557719089-171-width600height840.jpg\" style=\"border:0px; box-sizing:border-box; display:block; height:auto; margin:0px auto; max-width:660px; width:inherit\" /></span></span></p>\r\n\r\n<p style=\"text-align:center\"><span style=\"font-family:arial,helvetica,sans-serif\"><span style=\"font-size:14px\"><span style=\"color:#0000CD\">Những mẫu quần âu ống đứng sẽ đem tới nét thanh lịch, trẻ trung và sành điệu cho phong cách các nàng.</span></span></span></p>\r\n\r\n<p style=\"text-align:center\"><span style=\"font-family:arial,helvetica,sans-serif\"><span style=\"font-size:16px\"><img alt=\"mua nang mua that thuong, nang cong so thoi dung dien may mon do nay keo vac buc vao nguoi - 7\" class=\"loaded news-image\" src=\"https://cdn.eva.vn/upload/2-2019/images/2019-05-13/mua-nang-mua-that-thuong-nang-cong-so-thoi-dung-dien-may-mon-do-nay-keo-vac-buc-vao-nguoi-006a74esly1g2ry029twej321631rx6p-1557719088-902-width600height900.jpg\" style=\"border:0px; box-sizing:border-box; display:block; height:auto; margin:0px auto; max-width:660px; width:inherit\" /></span></span></p>\r\n\r\n<p style=\"text-align:center\"><span style=\"font-family:arial,helvetica,sans-serif\"><span style=\"font-size:14px\"><span style=\"color:#0000CD\">Thay vì chân váy sáng màu, những chiếc chân váy tối màu hay phủ họa tiết ngẫu hứng là lựa chọn hoàn hảo hơn cả.</span></span></span></p>\r\n\r\n<p style=\"text-align:center\"><span style=\"font-family:arial,helvetica,sans-serif\"><span style=\"font-size:16px\"><img alt=\"mua nang mua that thuong, nang cong so thoi dung dien may mon do nay keo vac buc vao nguoi - 8\" class=\"loaded news-image\" src=\"https://cdn.eva.vn/upload/2-2019/images/2019-05-13/mua-nang-mua-that-thuong-nang-cong-so-thoi-dung-dien-may-mon-do-nay-keo-vac-buc-vao-nguoi-6bba6dd4ly1g2i950z8zwj21wd2ro7wj-1557719089-571-width600height875.jpg\" style=\"border:0px; box-sizing:border-box; display:block; height:auto; margin:0px auto; max-width:660px; width:inherit\" /></span></span></p>\r\n\r\n<p style=\"text-align:center\"><span style=\"font-family:arial,helvetica,sans-serif\"><span style=\"font-size:14px\"><span style=\"color:#0000CD\">Các nàng ưa thích phong cách năng động có thể tìm tới những mẫu chân váy ngắn trơn màu hay phủ họa tiết kẻ tối giản.</span></span></span></p>\r\n\r\n<p style=\"text-align:justify\"><span style=\"font-family:arial,helvetica,sans-serif\"><span style=\"font-size:16px\"><strong>Váy liền điệu đà</strong></span></span></p>\r\n\r\n<p style=\"text-align:justify\"><span style=\"font-family:arial,helvetica,sans-serif\"><span style=\"font-size:16px\">Có thể các nàng bánh bèo sẽ chẳng thể sống thiếu những chiếc váy điệu đà đâu. Thế nhưng trong những ngày thời tiết thay đổi như chong chóng này, các nàng tốt hơn cả nên cất gọn chúng ở nhà thì hơn. Bởi đẹp thì có đẹp, thế nhưng việc diện váy điệu đà với nhấn nhá cầu kỳ, đặc biệt là những mẫu váy xoè dài quá bắp chân, đôi lúc sẽ đem tới cho các nàng rất nhiều bất tiện, thậm chí là nguy hiểm khi di chuyển trong trời mưa. Bên cạnh đó, chắc các nàng sẽ không muốn chiếc váy yêu quý của mình bị mưa bùn vùi dập đâu nhỉ?</span></span></p>\r\n\r\n<p style=\"text-align:center\"><span style=\"font-family:arial,helvetica,sans-serif\"><span style=\"font-size:16px\"><img alt=\"mua nang mua that thuong, nang cong so thoi dung dien may mon do nay keo vac buc vao nguoi - 9\" class=\"loaded news-image\" src=\"https://cdn.eva.vn/upload/2-2019/images/2019-05-13/mua-nang-mua-that-thuong-nang-cong-so-thoi-dung-dien-may-mon-do-nay-keo-vac-buc-vao-nguoi-6bba6dd4ly1g2vd716011j223u35snpe-1557719089-184-width600height900.jpg\" style=\"border:0px; box-sizing:border-box; display:block; height:auto; margin:0px auto; max-width:660px; width:inherit\" /></span></span></p>\r\n\r\n<p style=\"text-align:center\"><span style=\"font-family:arial,helvetica,sans-serif\"><span style=\"font-size:14px\"><span style=\"color:#0000CD\">Những chiếc váy liền với nhấn nhá điệu đà đem tới cảm giác bất tiện cho việc di chuyển trong trời mưa.</span></span></span></p>\r\n\r\n<p style=\"text-align:center\"><span style=\"font-family:arial,helvetica,sans-serif\"><span style=\"font-size:16px\"><img alt=\"mua nang mua that thuong, nang cong so thoi dung dien may mon do nay keo vac buc vao nguoi - 10\" class=\"loaded news-image\" src=\"https://cdn.eva.vn/upload/2-2019/images/2019-05-13/mua-nang-mua-that-thuong-nang-cong-so-thoi-dung-dien-may-mon-do-nay-keo-vac-buc-vao-nguoi-uptownholic_106818_02ops1_01-1557719089-106-width600height773.jpg\" style=\"border:0px; box-sizing:border-box; display:block; height:auto; margin:0px auto; max-width:660px; width:inherit\" /></span></span></p>\r\n\r\n<p style=\"text-align:center\"><span style=\"font-family:arial,helvetica,sans-serif\"><span style=\"font-size:14px\"><span style=\"color:#0000CD\">Để tránh việc mưa gió phá hỏng bộ váy xinh xẻo, điệu đà, các nàng tốt nhất nên cất chúng ở nhà trong mấy ngày này.</span></span></span></p>\r\n\r\n<p style=\"text-align:justify\"><span style=\"font-family:arial,helvetica,sans-serif\"><span style=\"font-size:16px\">Và thay vì diện váy liền điệu đà, chị em có thể tìm tới những mẫu váy liền có thiết kế tối giản với độ dài vừa phải. Chúng không những có thể làm thoả mãn phong cách nữ tính của các nàng, hơn nữa, kiểu váy này còn vừa đủ gọn gàng và tiện lợi cho các nàng trong việc di chuyển. Chưa kể tới rằng, chị em công sở sẽ có ngay một diện mạo vô cùng thanh lịch khi khoác trên mình những mẫu váy liền có thiết kế tối giản.</span></span></p>\r\n\r\n<p style=\"text-align:center\"><span style=\"font-family:arial,helvetica,sans-serif\"><span style=\"font-size:16px\"><img alt=\"mua nang mua that thuong, nang cong so thoi dung dien may mon do nay keo vac buc vao nguoi - 11\" class=\"loaded news-image\" src=\"https://cdn.eva.vn/upload/2-2019/images/2019-05-13/mua-nang-mua-that-thuong-nang-cong-so-thoi-dung-dien-may-mon-do-nay-keo-vac-buc-vao-nguoi-886055dbly1g2sr7a6fu0j211y1ku7ty-1557719089-72-width600height899.jpg\" style=\"border:0px; box-sizing:border-box; display:block; height:auto; margin:0px auto; max-width:660px; width:inherit\" /></span></span></p>\r\n\r\n<p style=\"text-align:center\"><span style=\"font-family:arial,helvetica,sans-serif\"><span style=\"font-size:14px\"><span style=\"color:#0000CD\">Những chiếc váy liền có thiết kế tối giản là gợi ý \"lên đồ\" siêu hoàn hảo.</span></span></span></p>\r\n\r\n<p style=\"text-align:center\"><span style=\"font-family:arial,helvetica,sans-serif\"><span style=\"font-size:16px\"><img alt=\"mua nang mua that thuong, nang cong so thoi dung dien may mon do nay keo vac buc vao nguoi - 12\" class=\"loaded news-image\" src=\"https://cdn.eva.vn/upload/2-2019/images/2019-05-13/mua-nang-mua-that-thuong-nang-cong-so-thoi-dung-dien-may-mon-do-nay-keo-vac-buc-vao-nguoi-6407c2cely1g0igc6vcwpj23054074qw-1557719089-472-width600height800.jpg\" style=\"border:0px; box-sizing:border-box; display:block; height:auto; margin:0px auto; max-width:660px; width:inherit\" /></span></span></p>\r\n\r\n<p style=\"text-align:center\"><span style=\"font-family:arial,helvetica,sans-serif\"><span style=\"font-size:14px\"><span style=\"color:#0000CD\">Những chiếc váy liền dáng suông đem tới nét thanh lịch cho phong cách nàng công sở.</span></span></span></p>\r\n\r\n<p style=\"text-align:center\"><span style=\"font-family:arial,helvetica,sans-serif\"><span style=\"font-size:16px\"><img alt=\"mua nang mua that thuong, nang cong so thoi dung dien may mon do nay keo vac buc vao nguoi - 13\" class=\"loaded news-image\" src=\"https://cdn.eva.vn/upload/2-2019/images/2019-05-13/mua-nang-mua-that-thuong-nang-cong-so-thoi-dung-dien-may-mon-do-nay-keo-vac-buc-vao-nguoi-6254c290ly1g0v8deex1zj22162ojx6p-1557719089-178-width600height792.jpg\" style=\"border:0px; box-sizing:border-box; display:block; height:auto; margin:0px auto; max-width:660px; width:inherit\" /></span></span></p>\r\n\r\n<p style=\"text-align:center\"><span style=\"font-family:arial,helvetica,sans-serif\"><span style=\"font-size:14px\"><span style=\"color:#0000CD\">Váy sơ mi với thiết kế nhấn eo giúp chị em khoe trọn mọi ưu điểm vóc dáng.</span></span></span></p>\r\n\r\n<p style=\"text-align:center\"><span style=\"font-family:arial,helvetica,sans-serif\"><span style=\"font-size:16px\"><img alt=\"mua nang mua that thuong, nang cong so thoi dung dien may mon do nay keo vac buc vao nguoi - 14\" class=\"loaded news-image\" src=\"https://cdn.eva.vn/upload/2-2019/images/2019-05-13/mua-nang-mua-that-thuong-nang-cong-so-thoi-dung-dien-may-mon-do-nay-keo-vac-buc-vao-nguoi-64faf77dly1g2yr9i1cj0j21vd2hq7wm-1557719089-163-width600height799.jpg\" style=\"border:0px; box-sizing:border-box; display:block; height:auto; margin:0px auto; max-width:660px; width:inherit\" /></span></span></p>\r\n\r\n<p style=\"text-align:center\"><span style=\"font-family:arial,helvetica,sans-serif\"><span style=\"font-size:14px\"><span style=\"color:#0000CD\">Các nàng cũng có thể tìm tới những mẫu váy quấn với độ dài tới ngang gối để diện đi làm.</span></span></span></p>\r\n\r\n<p style=\"text-align:justify\"><span style=\"font-family:arial,helvetica,sans-serif\"><span style=\"font-size:16px\"><strong>Giày trắng</strong></span></span></p>\r\n\r\n<p style=\"text-align:justify\"><span style=\"font-family:arial,helvetica,sans-serif\"><span style=\"font-size:16px\">Chắc có lẽ, cô gái nào cũng phải sở hữu ít nhất một đôi giày trắng trong tủ giày của mình bởi vô vàn những điểm cộng mà nó đem tới cho tổng thể trang phục. Tuy nhiên trong mấy ngày sáng nắng chiều mưa này, an toàn hơn cả, chị em nên hạn chế diện những đôi giày mang gam màu trắng ra đường thì hơn. Bởi lẽ, chỉ một cơn mưa bất chợt cũng đủ khiến đôi giày của các nàng trông nhem nhuốc và kém xinh, đặc biệt với những đôi giày trắng có chất vải dễ bám bẩn.</span></span></p>\r\n\r\n<p style=\"text-align:center\"><span style=\"font-family:arial,helvetica,sans-serif\"><span style=\"font-size:16px\"><img alt=\"mua nang mua that thuong, nang cong so thoi dung dien may mon do nay keo vac buc vao nguoi - 15\" class=\"loaded news-image\" src=\"https://cdn.eva.vn/upload/2-2019/images/2019-05-13/mua-nang-mua-that-thuong-nang-cong-so-thoi-dung-dien-may-mon-do-nay-keo-vac-buc-vao-nguoi-6d6ee703ly1g1zv7zvvg6j21aa1pp4qq-1557719089-524-width600height800.jpg\" style=\"border:0px; box-sizing:border-box; display:block; height:auto; margin:0px auto; max-width:660px; width:inherit\" /></span></span></p>\r\n\r\n<p style=\"text-align:center\"><span style=\"font-family:arial,helvetica,sans-serif\"><span style=\"font-size:14px\"><span style=\"color:#0000CD\">Giày trắng đúng là đẹp thật, nhưng chúng chắc chắn không nên được diện trong mấy ngày nắng mưa thất thường này đâu.</span></span></span></p>\r\n\r\n<p style=\"text-align:center\"><span style=\"font-family:arial,helvetica,sans-serif\"><span style=\"font-size:16px\"><img alt=\"mua nang mua that thuong, nang cong so thoi dung dien may mon do nay keo vac buc vao nguoi - 16\" class=\"loaded news-image\" src=\"https://cdn.eva.vn/upload/2-2019/images/2019-05-13/mua-nang-mua-that-thuong-nang-cong-so-thoi-dung-dien-may-mon-do-nay-keo-vac-buc-vao-nguoi-7502492bly1g2q6fyapobj21mc25s4qp-1557719089-199-width600height890.jpg\" style=\"border:0px; box-sizing:border-box; display:block; height:auto; margin:0px auto; max-width:660px; width:inherit\" /></span></span></p>\r\n\r\n<p style=\"text-align:center\"><span style=\"font-family:arial,helvetica,sans-serif\"><span style=\"font-size:14px\"><span style=\"color:#0000CD\">Đặc biệt, những đôi giày vải trắng của các nàng sẽ lấm lem, nhem nhuốc bởi mưa bùn nếu được diện trong mấy ngày này&nbsp;đấy!</span></span></span></p>\r\n\r\n<p style=\"text-align:justify\"><span style=\"font-family:arial,helvetica,sans-serif\"><span style=\"font-size:16px\">Thay vào đó, những đôi giày tối màu với chất liệu không thấm nước là gợi ý hoàn hảo dành cho các nàng trong mấy ngày này. Hoặc không, một đôi sandal cũng đủ giúp chị em xinh đẹp vượt qua cái thời tiết ẩm ương này rồi.</span></span></p>\r\n\r\n<p style=\"text-align:center\"><span style=\"font-family:arial,helvetica,sans-serif\"><span style=\"font-size:16px\"><img alt=\"mua nang mua that thuong, nang cong so thoi dung dien may mon do nay keo vac buc vao nguoi - 17\" class=\"loaded news-image\" src=\"https://cdn.eva.vn/upload/2-2019/images/2019-05-13/mua-nang-mua-that-thuong-nang-cong-so-thoi-dung-dien-may-mon-do-nay-keo-vac-buc-vao-nguoi-6254c290ly1g27w9nypm9j22162pk4qq-1557719089-562-width600height800.jpg\" style=\"border:0px; box-sizing:border-box; display:block; height:auto; margin:0px auto; max-width:660px; width:inherit\" /></span></span></p>\r\n\r\n<p style=\"text-align:center\"><span style=\"font-family:arial,helvetica,sans-serif\"><span style=\"font-size:14px\"><span style=\"color:#0000CD\">Những đôi giày có chất liệu không bám nước cùng gam màu trầm tối là lựa chọn hoàn hảo hơn cả trong lúc này.</span></span></span></p>\r\n\r\n<p style=\"text-align:center\"><span style=\"font-family:arial,helvetica,sans-serif\"><span style=\"font-size:16px\"><img alt=\"mua nang mua that thuong, nang cong so thoi dung dien may mon do nay keo vac buc vao nguoi - 18\" class=\"loaded news-image\" src=\"https://cdn.eva.vn/upload/2-2019/images/2019-05-13/mua-nang-mua-that-thuong-nang-cong-so-thoi-dung-dien-may-mon-do-nay-keo-vac-buc-vao-nguoi-006a74esly1g23h51uio0j320m30wb29-1557719088-507-width600height900.jpg\" style=\"border:0px; box-sizing:border-box; display:block; height:auto; margin:0px auto; max-width:660px; width:inherit\" /></span></span></p>\r\n\r\n<p style=\"text-align:center\"><span style=\"font-family:arial,helvetica,sans-serif\"><span style=\"font-size:14px\"><span style=\"color:#0000CD\">Một đôi giày slingbacks màu đen sẽ giúp chị em hoàn thiện set đồ công sở chuẩn tôn dáng, thanh lịch và&nbsp;nữ tính.</span></span></span></p>\r\n\r\n<p style=\"text-align:center\"><span style=\"font-family:arial,helvetica,sans-serif\"><span style=\"font-size:16px\"><img alt=\"mua nang mua that thuong, nang cong so thoi dung dien may mon do nay keo vac buc vao nguoi - 19\" class=\"loaded news-image\" src=\"https://cdn.eva.vn/upload/2-2019/images/2019-05-13/mua-nang-mua-that-thuong-nang-cong-so-thoi-dung-dien-may-mon-do-nay-keo-vac-buc-vao-nguoi-64faf77dly1g2joi8rghjj20u01904qs-1557719089-89-width600height900.jpg\" style=\"border:0px; box-sizing:border-box; display:block; height:auto; margin:0px auto; max-width:660px; width:inherit\" /></span></span></p>\r\n\r\n<p style=\"text-align:center\"><span style=\"font-family:arial,helvetica,sans-serif\"><span style=\"font-size:14px\"><span style=\"color:#0000CD\">Có rất nhiều các mẫu giày xinh xẻo khác mà chị em có thể lựa chọn, thay cho giày trắng.</span></span></span></p>\r\n</div>\r\n', 'APHu_news1.jpg', '2018-07-10 05:18:26', '2019-05-13 11:35:47'),
(3, 'Mùa xách vali lên và đi, chị em đừng quên cho “lên sóng” mấy gam màu này', 'mua-xach-vali-len-va-di-chi-em-dung-quen-cho-len-song-may-gam-mau-nay', '<div class=\"nsSap sap clrF\" style=\"margin: 10px 0px; box-sizing: border-box; clear: both; color: rgb(33, 33, 33); font-family: -apple-system, BlinkMacSystemFont, \">\r\n<h2><span style=\"font-size:16px\"><span style=\"font-family:arial,helvetica,sans-serif\"><strong>Bước vào mùa xách vali lên và đi, chị em hãy dành trọn ưu ái cho những gam màu rạng rỡ và vô cùng tươi mới dưới đây.</strong></span></span></h2>\r\n\r\n<p style=\"text-align:justify\"><span style=\"font-size:16px\"><span style=\"font-family:arial,helvetica,sans-serif\">Những tháng giữa năm này luôn được coi là mùa khiến người ta chỉ muốn xách vali lên và đi khám phá những vùng đất mới. Thời tiết mùa hè với nắng, gió đem tới sự hứng khởi và tràn đầy sức sống, khiến việc “xê dịch” đó đây cũng trở nên thú vị hơn bao giờ hết. Và tất nhiên, công đoạn chuẩn bị được nhiều chị em quan tâm nhất chính là lựa chọn và sắp xếp quần áo. Lúc này, chị em hãy đừng quên cho lên sóng 4 gam màu dưới đây - 4 màu sắc có khả năng đem tới vẻ rạng ngời, tươi mới cho người diện.</span></span></p>\r\n\r\n<p style=\"text-align:justify\"><span style=\"font-size:16px\"><span style=\"font-family:arial,helvetica,sans-serif\"><strong>Trắng</strong></span></span></p>\r\n\r\n<p style=\"text-align:justify\"><span style=\"font-size:16px\"><span style=\"font-family:arial,helvetica,sans-serif\">Khỏi tìm đâu xa, những món đồ thời trang&nbsp;mang gam màu trắng luôn cực kỳ xứng đáng có mặt trong vali du lịch của các nàng. Gam màu này không chỉ đem tới sự trang nhã, thanh lịch cho vẻ ngoài người diện mà hơn nữa còn là nét vô cùng trẻ trung, tươi mới. Chưa kể tới, gam màu trắng luôn cực kỳ “dễ xơi” khi có thể kết hợp với tất cả các màu sắc khác nhau, tạo nên một tổng thể set đồ hài hoà và hút mắt. Đặc biệt, nếu muốn diện một cây đồ trắng, các nàng nên lựa chọn những món đồ có thiết kế ôm gọn phần eo hoặc bổ sung thao tác sơ vin đối với set áo + quần/chân váy để vóc dáng được tôn lên triệt để.</span></span></p>\r\n\r\n<p style=\"text-align:center\"><span style=\"font-family:arial,helvetica,sans-serif\"><img alt=\"mua xach vali len va di, chi em dung quen cho “len song” may gam mau nay - 1\" class=\"loaded news-image\" src=\"https://cdn.eva.vn/upload/2-2019/images/2019-05-11/mua-xach-vali-len-va-di-chi-em-dung-quen-cho-len-song-may-gam-mau-nay-6dc129d1gy1g2ayht8k8gj21v72sse82-1557553500-489-width600height900.jpg\" style=\"border:0px; box-sizing:border-box; display:block; height:auto; margin:0px auto; max-width:660px; width:inherit\" /></span></p>\r\n\r\n<p style=\"text-align:center\"><span style=\"font-size:14px\"><span style=\"font-family:arial,helvetica,sans-serif\"><span style=\"color:#0000CD\">Những món đồ thời trang mang gam trắng tinh khôi đem tới vẻ tươi mới cho vẻ ngoài người diện.</span></span></span></p>\r\n\r\n<p style=\"text-align:center\"><span style=\"font-family:arial,helvetica,sans-serif\"><img alt=\"mua xach vali len va di, chi em dung quen cho “len song” may gam mau nay - 2\" class=\"loaded news-image\" src=\"https://cdn.eva.vn/upload/2-2019/images/2019-05-11/mua-xach-vali-len-va-di-chi-em-dung-quen-cho-len-song-may-gam-mau-nay-006d6vnpgy1g1yuryewvrj33sg5ognpr-1557553500-943-width600height863.jpg\" style=\"border:0px; box-sizing:border-box; display:block; height:auto; margin:0px auto; max-width:660px; width:inherit\" /></span></p>\r\n\r\n<p style=\"text-align:center\"><span style=\"font-size:14px\"><span style=\"font-family:arial,helvetica,sans-serif\"><span style=\"color:#0000CD\">Đơn giản nhất, một chiếc áo phông trắng sẽ cho các nàng hàng loạt những lựa chọn mix đồ xinh lung linh.</span></span></span></p>\r\n\r\n<p style=\"text-align:center\"><span style=\"font-family:arial,helvetica,sans-serif\"><img alt=\"mua xach vali len va di, chi em dung quen cho “len song” may gam mau nay - 3\" class=\"loaded news-image\" src=\"https://cdn.eva.vn/upload/2-2019/images/2019-05-11/mua-xach-vali-len-va-di-chi-em-dung-quen-cho-len-song-may-gam-mau-nay-7502492bly1g2tm22w7qjj223u35shdw-1557553500-348-width600height882.jpg\" style=\"border:0px; box-sizing:border-box; display:block; height:auto; margin:0px auto; max-width:660px; width:inherit\" /></span></p>\r\n\r\n<p style=\"text-align:center\"><span style=\"font-size:16px\"><span style=\"font-family:arial,helvetica,sans-serif\"><span style=\"color:#0000CD\">Còn gì mát mẻ hơn khi diện áo hai dây gam trắng đi du lịch.</span></span></span></p>\r\n\r\n<p style=\"text-align:center\"><span style=\"font-family:arial,helvetica,sans-serif\"><img alt=\"mua xach vali len va di, chi em dung quen cho “len song” may gam mau nay - 4\" class=\"loaded news-image\" src=\"https://cdn.eva.vn/upload/2-2019/images/2019-05-11/mua-xach-vali-len-va-di-chi-em-dung-quen-cho-len-song-may-gam-mau-nay-68251dc8gy1g2u1o2cgsaj22253341ky-1557553500-159-width600height899.jpg\" style=\"border:0px; box-sizing:border-box; display:block; height:auto; margin:0px auto; max-width:660px; width:inherit\" /></span></p>\r\n\r\n<p style=\"text-align:center\"><span style=\"font-size:14px\"><span style=\"font-family:arial,helvetica,sans-serif\"><span style=\"color:#0000CD\">Những chiếc quần ống rộng chất đũi mang gam trắng có thể kết hợp với phần lớn các mẫu áo, tạo nên một set đồ xinh lung linh.</span></span></span></p>\r\n\r\n<p style=\"text-align:center\"><span style=\"font-family:arial,helvetica,sans-serif\"><img alt=\"mua xach vali len va di, chi em dung quen cho “len song” may gam mau nay - 5\" class=\"loaded news-image\" src=\"https://cdn.eva.vn/upload/2-2019/images/2019-05-11/mua-xach-vali-len-va-di-chi-em-dung-quen-cho-len-song-may-gam-mau-nay-7502492bly1g0zrj20kfzj223u35s7wk-1557553500-219-width600height882.jpg\" style=\"border:0px; box-sizing:border-box; display:block; height:auto; margin:0px auto; max-width:660px; width:inherit\" /></span></p>\r\n\r\n<p style=\"text-align:center\"><span style=\"font-size:14px\"><span style=\"font-family:arial,helvetica,sans-serif\"><span style=\"color:#0000CD\">Khỏi cần mix&amp;match, chỉ một chiếc váy hai dây gam trắng là đủ giúp các nàng có được diện mạo xinh xắn khi đi du lịch.</span></span></span></p>\r\n\r\n<p style=\"text-align:justify\"><span style=\"font-size:16px\"><span style=\"font-family:arial,helvetica,sans-serif\"><strong>Xanh da trời</strong></span></span></p>\r\n\r\n<p style=\"text-align:justify\"><span style=\"font-size:16px\"><span style=\"font-family:arial,helvetica,sans-serif\">Dịu mát và dễ chịu chính là cảm giác mà những món đồ thời trang gam xanh da trời đem tới cho người diện. Nhất là trong mùa hè nóng nực, việc diện những trang phục mang gam xanh da trời lại càng khiến các nàng cảm thấy nhẹ nhõm và thoải mái hơn nữa. Đó có thể là một chiếc váy liền gam xanh da trời, một chiếc áo trễ vai, áo blouse hay áo phông đơn giản gam xanh da trời, tất cả đều vô cùng phù hợp để “lên sóng” mùa du lịch này. Mách nhỏ thêm với các nàng, bộ đôi xanh da trời + trắng luôn làm tốt hơn cả nhiệm vụ đem tới năng lượng sống dồi dào, đồng thời đem tới một vẻ ngoài đầy hút mắt cho người diện.</span></span></p>\r\n\r\n<p style=\"text-align:center\"><span style=\"font-family:arial,helvetica,sans-serif\"><img alt=\"mua xach vali len va di, chi em dung quen cho “len song” may gam mau nay - 6\" class=\"loaded news-image\" src=\"https://cdn.eva.vn/upload/2-2019/images/2019-05-11/mua-xach-vali-len-va-di-chi-em-dung-quen-cho-len-song-may-gam-mau-nay-964bd308ly1g17wdet8hbj23eq543kk0-1557553500-985-width600height900.jpg\" style=\"border:0px; box-sizing:border-box; display:block; height:auto; margin:0px auto; max-width:660px; width:inherit\" /></span></p>\r\n\r\n<p style=\"text-align:center\"><span style=\"font-size:14px\"><span style=\"font-family:arial,helvetica,sans-serif\"><span style=\"color:#0000CD\">Gam màu xanh da trời đem tới cảm giác thư thái, dễ chịu nơi người diện và cả người nhìn.</span></span></span></p>\r\n\r\n<p style=\"text-align:center\"><span style=\"font-family:arial,helvetica,sans-serif\"><img alt=\"mua xach vali len va di, chi em dung quen cho “len song” may gam mau nay - 7\" class=\"loaded news-image\" src=\"https://cdn.eva.vn/upload/2-2019/images/2019-05-11/mua-xach-vali-len-va-di-chi-em-dung-quen-cho-len-song-may-gam-mau-nay-68fd31ccly1g2gdhvwdvdj222o3407wh-1557553951-203-width600height900.jpg\" style=\"border:0px; box-sizing:border-box; display:block; height:auto; margin:0px auto; max-width:660px; width:inherit\" /></span></p>\r\n\r\n<p style=\"text-align:center\"><span style=\"font-size:14px\"><span style=\"font-family:arial,helvetica,sans-serif\"><span style=\"color:#0000CD\">Xanh da trời với nhiều sắc độ khác nhau đem tới cho các cô nàng nhiều hơn những lựa chọn cho phù hợp với sở thích của bản thân.</span></span></span></p>\r\n\r\n<p style=\"text-align:center\"><span style=\"font-family:arial,helvetica,sans-serif\"><img alt=\"mua xach vali len va di, chi em dung quen cho “len song” may gam mau nay - 8\" class=\"loaded news-image\" src=\"https://cdn.eva.vn/upload/2-2019/images/2019-05-11/mua-xach-vali-len-va-di-chi-em-dung-quen-cho-len-song-may-gam-mau-nay-6433-1557553877-338-width600height752.jpg\" style=\"border:0px; box-sizing:border-box; display:block; height:auto; margin:0px auto; max-width:660px; width:inherit\" /></span></p>\r\n\r\n<p style=\"text-align:center\"><span style=\"font-size:14px\"><span style=\"font-family:arial,helvetica,sans-serif\"><span style=\"color:#0000CD\">Những chiếc áo blouse điệu đà gam xanh da trời giúp các nàng hoàn thiện một set đồ chuẩn nữ tính và rạng rỡ.</span></span></span></p>\r\n\r\n<p style=\"text-align:center\"><span style=\"font-family:arial,helvetica,sans-serif\"><img alt=\"mua xach vali len va di, chi em dung quen cho “len song” may gam mau nay - 9\" class=\"loaded news-image\" src=\"https://cdn.eva.vn/upload/2-2019/images/2019-05-11/mua-xach-vali-len-va-di-chi-em-dung-quen-cho-len-song-may-gam-mau-nay-nj34-1557553878-462-width600height751.jpg\" style=\"border:0px; box-sizing:border-box; display:block; height:auto; margin:0px auto; max-width:660px; width:inherit\" /></span></p>\r\n\r\n<p style=\"text-align:center\"><span style=\"font-size:14px\"><span style=\"font-family:arial,helvetica,sans-serif\"><span style=\"color:#0000CD\">Một chiếc váy xanh da trời phủ hoạ tiết tối giản thế này cũng là một gợi ý hay ho dành cho các nàng khi đi du lịch biển.</span></span></span></p>\r\n\r\n<p style=\"text-align:justify\"><span style=\"font-size:16px\"><span style=\"font-family:arial,helvetica,sans-serif\"><strong>Xanh lá</strong></span></span></p>\r\n\r\n<p style=\"text-align:justify\"><span style=\"font-size:16px\"><span style=\"font-family:arial,helvetica,sans-serif\">Mát mẻ chẳng thua xanh da trời chính là gam màu xanh lá, màu sắc đại diện cho nguồn sống thiên nhiên. Bởi vốn chẳng hề kén da hay kén dáng, xanh lá chính là gam màu tiếp theo xứng đáng được các nàng ưu ái trong mùa hè này. Có rất nhiều các sắc độ xanh lá khác nhau để chị em có thể lựa chọn. Trong đó, nếu ưa thích nét phong cách thanh lịch, ngọt ngào, những gam nhạt như xanh bạc hà, hoặc không, những màu xanh lá đậm hơn sẽ đem tới sự nổi bật cho phong cách các nàng.</span></span></p>\r\n\r\n<p style=\"text-align:center\"><span style=\"font-family:arial,helvetica,sans-serif\"><img alt=\"mua xach vali len va di, chi em dung quen cho “len song” may gam mau nay - 10\" class=\"loaded news-image\" src=\"https://cdn.eva.vn/upload/2-2019/images/2019-05-11/mua-xach-vali-len-va-di-chi-em-dung-quen-cho-len-song-may-gam-mau-nay-005ypemcly1g2b4722f7uj3216340u0x-1557553500-427-width600height918.jpg\" style=\"border:0px; box-sizing:border-box; display:block; height:auto; margin:0px auto; max-width:660px; width:inherit\" /></span></p>\r\n\r\n<p style=\"text-align:center\"><span style=\"font-size:14px\"><span style=\"font-family:arial,helvetica,sans-serif\"><span style=\"color:#0000CD\">Màu xanh lá khiến diện mạo các nàng trở nên tràn đầy sức sống hơn.</span></span></span></p>\r\n\r\n<p style=\"text-align:center\"><span style=\"font-family:arial,helvetica,sans-serif\"><img alt=\"mua xach vali len va di, chi em dung quen cho “len song” may gam mau nay - 11\" class=\"loaded news-image\" src=\"https://cdn.eva.vn/upload/2-2019/images/2019-05-11/mua-xach-vali-len-va-di-chi-em-dung-quen-cho-len-song-may-gam-mau-nay-4bfede9egy1g272ms1ktoj21f32ioqv5-1557553500-454-width600height1065.jpg\" style=\"border:0px; box-sizing:border-box; display:block; height:auto; margin:0px auto; max-width:660px; width:inherit\" /></span></p>\r\n\r\n<p style=\"text-align:center\"><span style=\"font-size:14px\"><span style=\"font-family:arial,helvetica,sans-serif\"><span style=\"color:#0000CD\">Có rất nhiều những tông xanh lá khác nhau mà chị em có thể cân nhắc lựa chọn.</span></span></span></p>\r\n\r\n<p style=\"text-align:center\"><span style=\"font-family:arial,helvetica,sans-serif\"><img alt=\"mua xach vali len va di, chi em dung quen cho “len song” may gam mau nay - 12\" class=\"loaded news-image\" src=\"https://cdn.eva.vn/upload/2-2019/images/2019-05-11/mua-xach-vali-len-va-di-chi-em-dung-quen-cho-len-song-may-gam-mau-nay-006a74esly1g2t10lbd56j31yy2yfnpd-1557553500-38-width600height900.jpg\" style=\"border:0px; box-sizing:border-box; display:block; height:auto; margin:0px auto; max-width:660px; width:inherit\" /></span></p>\r\n\r\n<p style=\"text-align:center\"><span style=\"font-size:14px\"><span style=\"font-family:arial,helvetica,sans-serif\"><span style=\"color:#0000CD\">Chiếc quần đũi ống rộng gam xanh lá là item rất xứng đáng có mặt trong vali du lịch của chị em.</span></span></span></p>\r\n\r\n<p style=\"text-align:center\"><span style=\"font-family:arial,helvetica,sans-serif\"><img alt=\"mua xach vali len va di, chi em dung quen cho “len song” may gam mau nay - 13\" class=\"loaded news-image\" src=\"https://cdn.eva.vn/upload/2-2019/images/2019-05-11/mua-xach-vali-len-va-di-chi-em-dung-quen-cho-len-song-may-gam-mau-nay-6dc129d1gy1g2w2h4zm2yj222o340u0y-1557553500-984-width600height900.jpg\" style=\"border:0px; box-sizing:border-box; display:block; height:auto; margin:0px auto; max-width:660px; width:inherit\" /></span></p>\r\n\r\n<p style=\"text-align:center\"><span style=\"font-size:14px\"><span style=\"font-family:arial,helvetica,sans-serif\"><span style=\"color:#0000CD\">Các nàng cũng có thể tìm tới những mẫu áo blouse gam xanh lá với phần tay bồng điệu đà.</span></span></span></p>\r\n\r\n<p style=\"text-align:center\"><span style=\"font-family:arial,helvetica,sans-serif\"><img alt=\"mua xach vali len va di, chi em dung quen cho “len song” may gam mau nay - 14\" class=\"loaded news-image\" src=\"https://cdn.eva.vn/upload/2-2019/images/2019-05-11/mua-xach-vali-len-va-di-chi-em-dung-quen-cho-len-song-may-gam-mau-nay-66ead730ly1g0abrd9f9uj222n333qv6-1557553500-89-width600height893.jpg\" style=\"border:0px; box-sizing:border-box; display:block; height:auto; margin:0px auto; max-width:660px; width:inherit\" /></span></p>\r\n\r\n<p style=\"text-align:center\"><span style=\"font-size:14px\"><span style=\"font-family:arial,helvetica,sans-serif\"><span style=\"color:#0000CD\">Các nàng nghĩ sao về việc \"tậu\" một chiếc váy phủ hoạ tiết gam xanh lá nổi bật và không kém phần thanh lịch như thế này?</span></span></span></p>\r\n\r\n<p style=\"text-align:justify\"><span style=\"font-size:16px\"><span style=\"font-family:arial,helvetica,sans-serif\"><strong>Vàng</strong></span></span></p>\r\n\r\n<p style=\"text-align:justify\"><span style=\"font-size:16px\"><span style=\"font-family:arial,helvetica,sans-serif\">Rực rỡ hơn cả, ấy là khi các cô gái tìm tới những món đồ thời trang mang gam vàng tươi chuẩn bắt mắt. Là một trong những gam màu đặc biệt thu hút ánh mắt người nhìn, màu vàng sẽ khiến set đồ của các nàng trở nên nổi bật hơn bao giờ hết. Đặc biệt hơn, chẳng những không kén da, gam màu vàng còn có khả năng vô cùng tuyệt vời trong việc hô biến diện mạo các nàng trở nên rạng ngời, tươi mới và tràn đầy năng lượng. Và an toàn hơn cả, các cô gái hãy lựa chọn những mẫu váy liền gam vàng để hạn chế việc mix&amp;match lằng nhằng, hoặc không, hãy kết hợp diện đồ màu vàng với những items khác có gam màu trung tính để có được một tổng thể hài hoà nhất.</span></span></p>\r\n\r\n<p style=\"text-align:center\"><span style=\"font-family:arial,helvetica,sans-serif\"><img alt=\"mua xach vali len va di, chi em dung quen cho “len song” may gam mau nay - 15\" class=\"loaded news-image\" src=\"https://cdn.eva.vn/upload/2-2019/images/2019-05-11/mua-xach-vali-len-va-di-chi-em-dung-quen-cho-len-song-may-gam-mau-nay-6ce0dfa7gy1g04q1k5u6ej20zk0zp4c0-1557553500-991-width690height693.jpg\" style=\"border:0px; box-sizing:border-box; display:block; height:auto; margin:0px auto; max-width:660px; width:inherit\" /></span></p>\r\n\r\n<p style=\"text-align:center\"><span style=\"font-size:14px\"><span style=\"font-family:arial,helvetica,sans-serif\"><span style=\"color:#0000CD\">Diện những items mang gam màu vàng, chị em sẽ có ngay một vẻ ngoài rạng rỡ và cực hút mắt.</span></span></span></p>\r\n\r\n<p style=\"text-align:center\"><span style=\"font-family:arial,helvetica,sans-serif\"><img alt=\"mua xach vali len va di, chi em dung quen cho “len song” may gam mau nay - 16\" class=\"loaded news-image\" src=\"https://cdn.eva.vn/upload/2-2019/images/2019-05-11/mua-xach-vali-len-va-di-chi-em-dung-quen-cho-len-song-may-gam-mau-nay-7fb3d9ebly1fto68mgk5ej21jl220b29-1557553500-354-width600height775.jpg\" style=\"border:0px; box-sizing:border-box; display:block; height:auto; margin:0px auto; max-width:660px; width:inherit\" /></span></p>\r\n\r\n<p style=\"text-align:center\"><span style=\"font-size:14px\"><span style=\"font-family:arial,helvetica,sans-serif\"><span style=\"color:#0000CD\">Gam vàng tươi đem tới nét trẻ trung và tràn đầy năng lượng cho phong cách người diện.</span></span></span></p>\r\n\r\n<p style=\"text-align:center\"><span style=\"font-family:arial,helvetica,sans-serif\"><img alt=\"mua xach vali len va di, chi em dung quen cho “len song” may gam mau nay - 17\" class=\"loaded news-image\" src=\"https://cdn.eva.vn/upload/2-2019/images/2019-05-11/mua-xach-vali-len-va-di-chi-em-dung-quen-cho-len-song-may-gam-mau-nay-0062meucly1g2ql1efk88j315o1jkkes-1557553500-198-width600height800.jpg\" style=\"border:0px; box-sizing:border-box; display:block; height:auto; margin:0px auto; max-width:660px; width:inherit\" /></span></p>\r\n\r\n<p style=\"text-align:center\"><span style=\"font-size:14px\"><span style=\"font-family:arial,helvetica,sans-serif\"><span style=\"color:#0000CD\">Những mẫu áo gam vàng với chất liệu mỏng nhẹ, thoáng mát là lựa chọn phù hợp hơn cả trong mùa hè nóng nực này.</span></span></span></p>\r\n\r\n<p style=\"text-align:center\"><span style=\"font-family:arial,helvetica,sans-serif\"><img alt=\"mua xach vali len va di, chi em dung quen cho “len song” may gam mau nay - 18\" class=\"loaded news-image\" src=\"https://cdn.eva.vn/upload/2-2019/images/2019-05-11/mua-xach-vali-len-va-di-chi-em-dung-quen-cho-len-song-may-gam-mau-nay-68251dc8ly1g22dlodggsj2227334b2a-1557553500-777-width600height899.jpg\" style=\"border:0px; box-sizing:border-box; display:block; height:auto; margin:0px auto; max-width:660px; width:inherit\" /></span></p>\r\n\r\n<p style=\"text-align:center\"><span style=\"font-size:14px\"><span style=\"font-family:arial,helvetica,sans-serif\"><span style=\"color:#0000CD\">Các cô nàng cũng có thể mang đi du lịch một chiếc chân váy gam vàng để mix cùng các kiểu áo trắng như áo phông, áo hai dây hay áo blouse điệu đà.</span></span></span></p>\r\n\r\n<p style=\"text-align:center\"><span style=\"font-family:arial,helvetica,sans-serif\"><img alt=\"mua xach vali len va di, chi em dung quen cho “len song” may gam mau nay - 19\" class=\"loaded news-image\" src=\"https://cdn.eva.vn/upload/2-2019/images/2019-05-11/mua-xach-vali-len-va-di-chi-em-dung-quen-cho-len-song-may-gam-mau-nay-6dc129d1gy1g2t7drgjdrj21ya2xfb29-1557553500-7-width600height900.jpg\" style=\"border:0px; box-sizing:border-box; display:block; height:auto; margin:0px auto; max-width:660px; width:inherit\" /></span></p>\r\n\r\n<p style=\"text-align:center\"><span style=\"font-size:14px\"><span style=\"font-family:arial,helvetica,sans-serif\"><span style=\"color:#0000CD\">Một chiếc váy vàng phủ hoạ tiết là đủ giúp chị em thu hút mọi ánh nhìn.</span></span></span></p>\r\n</div>\r\n', 'UMhO_news2.jpg', '2018-07-10 12:12:08', '2019-05-13 11:39:22');
INSERT INTO `tbl_news` (`news_id`, `news_title`, `news_alias`, `news_content`, `news_image`, `created_at`, `updated_at`) VALUES
(4, 'Mùa du lịch tới rồi, chị em đi biển đừng quên thêm vào vali 4 món xinh xẻo này', 'mua-du-lich-toi-roi-chi-em-di-bien-dung-quen-them-vao-vali-4-mon-xinh-xeo-nay', '<div class=\"nsSap sap clrF\" style=\"margin: 10px 0px; box-sizing: border-box; clear: both; color: rgb(33, 33, 33); font-family: -apple-system, BlinkMacSystemFont, \">\r\n<h2><span style=\"font-size:18px\"><span style=\"font-family:arial,helvetica,sans-serif\"><strong>Muốn có được những tấm hình check-in xinh xẻo hút like, các cô gái đừng quên bổ sung 4 items này vào vali du lịch biển.</strong></span></span></h2>\r\n</div>\r\n\r\n<div class=\"nwsCt\" id=\"baiviet-container\" style=\"margin: 0px auto; box-sizing: border-box; color: rgb(33, 33, 33); font-family: -apple-system, BlinkMacSystemFont, \">\r\n<p style=\"text-align:justify\"><span style=\"font-size:16px\"><span style=\"font-family:arial,helvetica,sans-serif\">Khỏi phải nói, mùa du lịch chính là khoảng thời gian được các cô gái trông chờ nhất trong năm. Không đơn giản là bởi được đi khám phá những vùng đất mới mà hơn thế, khoảng thời gian đi du lịch là lúc chị em có thể tha hồ “lên đồ” xinh đẹp và bắt đầu công cuộc chụp hình check-in sống ảo. Đặc biệt là khi du lịch biển, không gian thiên nhiên đầy thơ mộng nơi đó chắc chắn luôn khiến các cô nàng càng thêm hưng phấn và có hứng giơ máy lên chụp hình. Tuy nhiên, nắng vàng có, biển xanh có, cát trắng cũng có luôn mà không có sự xuất hiện của một (vài) trong 4 món đồ&nbsp;thời trang&nbsp;dưới đây thì thật là thiếu sót quá!</span></span></p>\r\n\r\n<p style=\"text-align:justify\"><span style=\"font-size:16px\"><span style=\"font-family:arial,helvetica,sans-serif\"><strong>Áo crop-top</strong></span></span></p>\r\n\r\n<p style=\"text-align:justify\"><span style=\"font-size:16px\"><span style=\"font-family:arial,helvetica,sans-serif\">Bình thường ra đường mà diện đồ cắt hở táo bạo thì còn phải cân nhắc, chứ khi đi biển, chị em cứ tha hồ mà bung lụa đi. Trong đó, hở vừa đủ sexy, lại mát mẻ tuyệt đối, áo crop-top chính là món đồ nhất định không thể thiếu trong vali du lịch biển của chị em. Với thiết kế dáng ngắn độc đáo, áo crop-top sẽ đem tới cho diện mạo các nàng vẻ năng động và hiện đại. Chưa kể đến, mẫu áo này được coi là trợ thủ đắc lực giúp chị em khoe trọn vòng 2 nhỏ nhắn, tạo điểm nhấn cho vẻ ngoài thêm phần quyến rũ hơn. Và gợi ý dành cho các nàng, áo crop-top có thể “song kiếm hợp bích” với hầu hết các mẫu quần hay chân váy cạp cao, đem tới khả năng “hack” dáng người diện siêu tuyệt vời.</span></span></p>\r\n\r\n<p style=\"text-align:center\"><span style=\"font-size:16px\"><span style=\"font-family:arial,helvetica,sans-serif\"><img alt=\"mua du lich toi roi, chi em di bien dung quen them vao vali 4 mon xinh xeo nay - 1\" class=\"initial loaded news-image\" src=\"https://cdn.eva.vn/upload/2-2019/images/2019-05-07/mua-du-lich-toi-roi-chi-em-di-bien-dung-quen-them-vao-vali-4-mon-xinh-xeo-nay-0120151-1557202851-756-width600height744.jpg\" style=\"border:0px; box-sizing:border-box; display:block; height:auto; margin:0px auto; max-width:660px; width:inherit\" /></span></span></p>\r\n\r\n<p style=\"text-align:center\"><span style=\"font-size:14px\"><span style=\"font-family:arial,helvetica,sans-serif\"><span style=\"color:#0000CD\">Áo crop-top với thiết kế dáng ngắn đem tới vẻ năng động và khoẻ khoắn cho diện mạo các nàng.</span></span></span></p>\r\n\r\n<p style=\"text-align:center\"><span style=\"font-size:16px\"><span style=\"font-family:arial,helvetica,sans-serif\"><img alt=\"mua du lich toi roi, chi em di bien dung quen them vao vali 4 mon xinh xeo nay - 2\" class=\"initial loaded news-image\" src=\"https://cdn.eva.vn/upload/2-2019/images/2019-05-07/mua-du-lich-toi-roi-chi-em-di-bien-dung-quen-them-vao-vali-4-mon-xinh-xeo-nay-0458787-1557202851-895-width600height641.jpg\" style=\"border:0px; box-sizing:border-box; display:block; height:auto; margin:0px auto; max-width:660px; width:inherit\" /></span></span></p>\r\n\r\n<p style=\"text-align:center\"><span style=\"font-size:14px\"><span style=\"font-family:arial,helvetica,sans-serif\"><span style=\"color:#0000CD\">Áo crop-top siêu mát mẻ là item không thể thiếu trong vali đi du lịch biển của chị em.</span></span></span></p>\r\n\r\n<p style=\"text-align:center\"><span style=\"font-size:16px\"><span style=\"font-family:arial,helvetica,sans-serif\"><img alt=\"mua du lich toi roi, chi em di bien dung quen them vao vali 4 mon xinh xeo nay - 3\" class=\"loaded news-image\" src=\"https://cdn.eva.vn/upload/2-2019/images/2019-05-07/mua-du-lich-toi-roi-chi-em-di-bien-dung-quen-them-vao-vali-4-mon-xinh-xeo-nay-untitled-1-1557202851-392-width600height744.jpg\" style=\"border:0px; box-sizing:border-box; display:block; height:auto; margin:0px auto; max-width:660px; width:inherit\" /></span></span></p>\r\n\r\n<p style=\"text-align:center\"><span style=\"font-size:14px\"><span style=\"font-family:arial,helvetica,sans-serif\"><span style=\"color:#0000CD\">Các nàng có thể lựa chọn những mẫu áo crop-top có thiết kế cơ bản nhất đến những mẫu crop-top điệu đà với nhấn nhá tay bồng, bèo nhún.</span></span></span></p>\r\n\r\n<p style=\"text-align:center\"><span style=\"font-size:16px\"><span style=\"font-family:arial,helvetica,sans-serif\"><img alt=\"mua du lich toi roi, chi em di bien dung quen them vao vali 4 mon xinh xeo nay - 4\" class=\"loaded news-image\" src=\"https://cdn.eva.vn/upload/2-2019/images/2019-05-07/mua-du-lich-toi-roi-chi-em-di-bien-dung-quen-them-vao-vali-4-mon-xinh-xeo-nay-035120-1557203019-638-width600height753.jpg\" style=\"border:0px; box-sizing:border-box; display:block; height:auto; margin:0px auto; max-width:660px; width:inherit\" /></span></span></p>\r\n\r\n<p style=\"text-align:center\"><span style=\"font-size:14px\"><span style=\"font-family:arial,helvetica,sans-serif\"><span style=\"color:#0000CD\">Mát mẻ tuyệt đối là khi chị em tìm tới những mẫu áo crop-top hai dây.</span></span></span></p>\r\n\r\n<p style=\"text-align:center\"><span style=\"font-size:16px\"><span style=\"font-family:arial,helvetica,sans-serif\"><img alt=\"mua du lich toi roi, chi em di bien dung quen them vao vali 4 mon xinh xeo nay - 5\" class=\"loaded news-image\" src=\"https://cdn.eva.vn/upload/2-2019/images/2019-05-07/mua-du-lich-toi-roi-chi-em-di-bien-dung-quen-them-vao-vali-4-mon-xinh-xeo-nay-crop-15557332882431239944197-1557203019-33-width600height750.jpg\" style=\"border:0px; box-sizing:border-box; display:block; height:auto; margin:0px auto; max-width:660px; width:inherit\" /></span></span></p>\r\n\r\n<p style=\"text-align:center\"><span style=\"font-size:14px\"><span style=\"font-family:arial,helvetica,sans-serif\"><span style=\"color:#0000CD\">Chị em có thể tha hồ mix áo crop-top với các mẫu quần hay chân váy cạp cao để set đồ phát huy tối đa khả năng \"hack\" dáng.</span></span></span></p>\r\n\r\n<p style=\"text-align:justify\"><span style=\"font-size:16px\"><span style=\"font-family:arial,helvetica,sans-serif\"><strong>Quần short</strong></span></span></p>\r\n\r\n<p style=\"text-align:justify\"><span style=\"font-size:16px\"><span style=\"font-family:arial,helvetica,sans-serif\">Tương tự như áo crop-top, làm gì còn thời điểm nào phù hợp hơn để diện quần short bằng khi đi du lịch biển nữa. Rõ ràng, vẻ cực phóng khoáng của quần short vốn cực hợp rơ với không gian nắng gió của biển khơi. Bên cạnh đó, thiết kế của quần short vốn mang theo nó rất nhiều những điểm cộng, khiến chẳng cô nàng nào có thể ngó lơ item này: từ việc đem tới cảm giác thoải mái, dễ chịu khi diện, giúp chị em khoe trọn đôi chân nuột nà đến khả năng kết đôi cực ngọt với phần lớn các mẫu áo. Trong đó, mát mẻ nhất, các nàng có thể diện áo hai dây hay áo crop-top với quần short. Hoặc không, combo áo blouse chất đũi + quần short sẽ đem tới cho diện mạo các nàng những nét vô cùng cuốn hút.</span></span></p>\r\n\r\n<p style=\"text-align:center\"><span style=\"font-size:16px\"><span style=\"font-family:arial,helvetica,sans-serif\"><img alt=\"mua du lich toi roi, chi em di bien dung quen them vao vali 4 mon xinh xeo nay - 6\" class=\"loaded news-image\" src=\"https://cdn.eva.vn/upload/2-2019/images/2019-05-07/mua-du-lich-toi-roi-chi-em-di-bien-dung-quen-them-vao-vali-4-mon-xinh-xeo-nay-015021-1557202851-425-width600height744.jpg\" style=\"border:0px; box-sizing:border-box; display:block; height:auto; margin:0px auto; max-width:660px; width:inherit\" /></span></span></p>\r\n\r\n<p style=\"text-align:center\"><span style=\"font-size:14px\"><span style=\"font-family:arial,helvetica,sans-serif\"><span style=\"color:#0000CD\">Quần short là item sinh ra dành cho mùa hè với thiết kế cực phóng khoáng và trẻ trung.</span></span></span></p>\r\n\r\n<p style=\"text-align:center\"><span style=\"font-size:16px\"><span style=\"font-family:arial,helvetica,sans-serif\"><img alt=\"mua du lich toi roi, chi em di bien dung quen them vao vali 4 mon xinh xeo nay - 7\" class=\"loaded news-image\" src=\"https://cdn.eva.vn/upload/2-2019/images/2019-05-07/mua-du-lich-toi-roi-chi-em-di-bien-dung-quen-them-vao-vali-4-mon-xinh-xeo-nay-0125121-1557202851-418-width600height744.jpg\" style=\"border:0px; box-sizing:border-box; display:block; height:auto; margin:0px auto; max-width:660px; width:inherit\" /></span></span></p>\r\n\r\n<p style=\"text-align:center\"><span style=\"font-size:14px\"><span style=\"font-family:arial,helvetica,sans-serif\"><span style=\"color:#0000CD\">Đơn giản nhất,&nbsp;set đồ với áo phông trơn và quần short jeans sẽ đem tới cho diện mạo các nàng vẻ cực kỳ năng động và cá tính.</span></span></span></p>\r\n\r\n<p style=\"text-align:center\"><span style=\"font-size:16px\"><span style=\"font-family:arial,helvetica,sans-serif\"><img alt=\"mua du lich toi roi, chi em di bien dung quen them vao vali 4 mon xinh xeo nay - 8\" class=\"loaded news-image\" src=\"https://cdn.eva.vn/upload/2-2019/images/2019-05-07/mua-du-lich-toi-roi-chi-em-di-bien-dung-quen-them-vao-vali-4-mon-xinh-xeo-nay-0468145-1557202851-603-width600height744.jpg\" style=\"border:0px; box-sizing:border-box; display:block; height:auto; margin:0px auto; max-width:660px; width:inherit\" /></span></span></p>\r\n\r\n<p style=\"text-align:center\"><span style=\"font-size:14px\"><span style=\"font-family:arial,helvetica,sans-serif\"><span style=\"color:#0000CD\">Điệu đà hơn, chị em có thể diện áo blouse với quần short để tăng thêm vẻ nữ tính cho phong cách.</span></span></span></p>\r\n\r\n<p style=\"text-align:center\"><span style=\"font-size:16px\"><span style=\"font-family:arial,helvetica,sans-serif\"><img alt=\"mua du lich toi roi, chi em di bien dung quen them vao vali 4 mon xinh xeo nay - 9\" class=\"loaded news-image\" src=\"https://cdn.eva.vn/upload/2-2019/images/2019-05-07/mua-du-lich-toi-roi-chi-em-di-bien-dung-quen-them-vao-vali-4-mon-xinh-xeo-nay-01452104-1557202851-395-width600height744.jpg\" style=\"border:0px; box-sizing:border-box; display:block; height:auto; margin:0px auto; max-width:660px; width:inherit\" /></span></span></p>\r\n\r\n<p style=\"text-align:center\"><span style=\"font-size:14px\"><span style=\"font-family:arial,helvetica,sans-serif\"><span style=\"color:#0000CD\">Những mẫu áo blouse phủ hoạ tiết sẽ trở thành điểm nhấn cho set đồ mix với quần short jeans của các nàng thêm phần ấn tượng.</span></span></span></p>\r\n\r\n<p style=\"text-align:justify\"><span style=\"font-size:16px\"><span style=\"font-family:arial,helvetica,sans-serif\"><strong>Váy liền hoạ tiết hoa lá</strong></span></span></p>\r\n\r\n<p style=\"text-align:justify\"><span style=\"font-size:16px\"><span style=\"font-family:arial,helvetica,sans-serif\">Đến hẹn lại lên, họa tiết hoa lá cực mát mắt được coi là mẫu họa tiết luôn cực hợp rơ với không gian nắng gió của biển khơi. Và váy liền phủ họa tiết hoa lá chính là item xứng đáng nhất có mặt trong vali du lịch biển của chị em bởi rất những tác dụng tuyệt vời mà nó đem tới cho người diện. Mà trước tiên phải nói tới là nét phóng khoáng, điệu đà và tràn đầy sức sống mà những mẫu váy phủ họa tiết đem tới cho vẻ ngoài người diện. Tiếp theo đó, việc chuẩn bị một, hai kiểu váy này cho những dịp du lịch sẽ giúp các nàng tiết kiệm được kha khá thời gian cho việc suy nghĩ khoản mix&amp;match. Bởi lẽ, chỉ đơn giản là lồng nguyên chiếc váy vào rồi xỏ thêm đôi dép sandal ưa thích, các nàng sẽ có ngay một vẻ ngoài xinh lung linh rồi.</span></span></p>\r\n\r\n<p style=\"text-align:center\"><span style=\"font-size:16px\"><span style=\"font-family:arial,helvetica,sans-serif\"><img alt=\"mua du lich toi roi, chi em di bien dung quen them vao vali 4 mon xinh xeo nay - 10\" class=\"loaded news-image\" src=\"https://cdn.eva.vn/upload/2-2019/images/2019-05-07/mua-du-lich-toi-roi-chi-em-di-bien-dung-quen-them-vao-vali-4-mon-xinh-xeo-nay-1487-1557202851-41-width600height744.jpg\" style=\"border:0px; box-sizing:border-box; display:block; height:auto; margin:0px auto; max-width:660px; width:inherit\" /></span></span></p>\r\n\r\n<p style=\"text-align:center\"><span style=\"font-size:14px\"><span style=\"font-family:arial,helvetica,sans-serif\"><span style=\"color:#0000CD\">Đi biển mà diện váy liền phủ hoạ tiết hoa lá chuẩn thiên nhiên thì còn gì phù hợp bằng.</span></span></span></p>\r\n\r\n<p style=\"text-align:center\"><span style=\"font-size:16px\"><span style=\"font-family:arial,helvetica,sans-serif\"><img alt=\"mua du lich toi roi, chi em di bien dung quen them vao vali 4 mon xinh xeo nay - 11\" class=\"loaded news-image\" src=\"https://cdn.eva.vn/upload/2-2019/images/2019-05-07/mua-du-lich-toi-roi-chi-em-di-bien-dung-quen-them-vao-vali-4-mon-xinh-xeo-nay-04867-1557202851-922-width600height744.jpg\" style=\"border:0px; box-sizing:border-box; display:block; height:auto; margin:0px auto; max-width:660px; width:inherit\" /></span></span></p>\r\n\r\n<p style=\"text-align:center\"><span style=\"font-size:14px\"><span style=\"font-family:arial,helvetica,sans-serif\"><span style=\"color:#0000CD\">Không ngại nổi bật, chị em nhất định đừng bỏ qua những mẫu váy phủ hoạ tiết sặc sỡ như thế này.</span></span></span></p>\r\n\r\n<p style=\"text-align:center\"><span style=\"font-size:16px\"><span style=\"font-family:arial,helvetica,sans-serif\"><img alt=\"mua du lich toi roi, chi em di bien dung quen them vao vali 4 mon xinh xeo nay - 12\" class=\"loaded news-image\" src=\"https://cdn.eva.vn/upload/2-2019/images/2019-05-07/mua-du-lich-toi-roi-chi-em-di-bien-dung-quen-them-vao-vali-4-mon-xinh-xeo-nay-0454478-1557202851-785-width600height744.jpg\" style=\"border:0px; box-sizing:border-box; display:block; height:auto; margin:0px auto; max-width:660px; width:inherit\" /></span></span></p>\r\n\r\n<p style=\"text-align:center\"><span style=\"font-size:14px\"><span style=\"font-family:arial,helvetica,sans-serif\"><span style=\"color:#0000CD\">Hoặc đơn giản nhất, những mẫu váy in hoạ tiết tối giản với một, hai gam màu chủ đạo sẽ đem tới cảm giác mát mắt, dễ chịu nơi người diện.</span></span></span></p>\r\n\r\n<p style=\"text-align:center\"><span style=\"font-size:16px\"><span style=\"font-family:arial,helvetica,sans-serif\"><img alt=\"mua du lich toi roi, chi em di bien dung quen them vao vali 4 mon xinh xeo nay - 13\" class=\"loaded news-image\" src=\"https://cdn.eva.vn/upload/2-2019/images/2019-05-07/mua-du-lich-toi-roi-chi-em-di-bien-dung-quen-them-vao-vali-4-mon-xinh-xeo-nay-01511445-1557202851-422-width600height744.jpg\" style=\"border:0px; box-sizing:border-box; display:block; height:auto; margin:0px auto; max-width:660px; width:inherit\" /></span></span></p>\r\n\r\n<p style=\"text-align:center\"><span style=\"font-size:14px\"><span style=\"font-family:arial,helvetica,sans-serif\"><span style=\"color:#0000CD\">Những mẫu váy quấn giúp vóc dáng các nàng được tôn lên triệt để.</span></span></span></p>\r\n\r\n<p style=\"text-align:center\"><span style=\"font-size:16px\"><span style=\"font-family:arial,helvetica,sans-serif\"><img alt=\"mua du lich toi roi, chi em di bien dung quen them vao vali 4 mon xinh xeo nay - 14\" class=\"loaded news-image\" src=\"https://cdn.eva.vn/upload/2-2019/images/2019-05-07/mua-du-lich-toi-roi-chi-em-di-bien-dung-quen-them-vao-vali-4-mon-xinh-xeo-nay-02512214-1557203019-666-width600height753.jpg\" style=\"border:0px; box-sizing:border-box; display:block; height:auto; margin:0px auto; max-width:660px; width:inherit\" /></span></span></p>\r\n\r\n<p style=\"text-align:center\"><span style=\"font-size:14px\"><span style=\"font-family:arial,helvetica,sans-serif\"><span style=\"color:#0000CD\">Các nàng cũng có thể tìm tới những mẫu váy liền dáng maxi điệu đà như thế này để tăng thêm vẻ quyến rũ và mềm mại cho phong cách.</span></span></span></p>\r\n\r\n<p style=\"text-align:justify\"><span style=\"font-size:16px\"><span style=\"font-family:arial,helvetica,sans-serif\"><strong>Váy hai dây</strong></span></span></p>\r\n\r\n<p style=\"text-align:justify\"><span style=\"font-size:16px\"><span style=\"font-family:arial,helvetica,sans-serif\">Mát mẻ chẳng thua áo hai dây nhưng đặc biệt tiện lợi hơn nhiều, ấy là điều đầu tiên mà người ta có thể nói về váy hai dây. Là sự kết hợp hoàn hảo giữa áo hai dây và váy liền, váy hai dây mang theo nó tất tần tật những ưu điểm của hai item kia, bao gồm thiết kế tối giản mà cực hiện đại, đem tới cho người diện cảm giác dễ chịu, đồng thời tạo nét quyến rũ và nữ tính cho phong cách. Trong đó, các nàng ưa thích gu thời trang năng động có thể tìm tới những mẫu váy hai dây dáng ngắn, các nàng điệu đà hơn hãy “kết thân” với váy hai dây có thiết kế nhấn nhá như bèo nhún, đính nơ,... và tất nhiên, các nàng ưa chuộng vẻ sang chảnh, cá tính sẽ chẳng thể bỏ qua những chiếc slip-dress nhẹ tênh rồi.</span></span></p>\r\n\r\n<p style=\"text-align:center\"><span style=\"font-size:16px\"><span style=\"font-family:arial,helvetica,sans-serif\"><img alt=\"mua du lich toi roi, chi em di bien dung quen them vao vali 4 mon xinh xeo nay - 15\" class=\"loaded news-image\" src=\"https://cdn.eva.vn/upload/2-2019/images/2019-05-07/mua-du-lich-toi-roi-chi-em-di-bien-dung-quen-them-vao-vali-4-mon-xinh-xeo-nay-045447888-1557202851-793-width600height744.jpg\" style=\"border:0px; box-sizing:border-box; display:block; height:auto; margin:0px auto; max-width:660px; width:inherit\" /></span></span></p>\r\n\r\n<p style=\"text-align:center\"><span style=\"font-size:14px\"><span style=\"font-family:arial,helvetica,sans-serif\"><span style=\"color:#0000CD\">Váy hai dây là sự kết hợp hoàn hảo của áo hai dây và váy liền, đem tới vô vàn những điểm cộng&nbsp;cho người diện.</span></span></span></p>\r\n\r\n<p style=\"text-align:center\"><span style=\"font-size:16px\"><span style=\"font-family:arial,helvetica,sans-serif\"><img alt=\"mua du lich toi roi, chi em di bien dung quen them vao vali 4 mon xinh xeo nay - 16\" class=\"loaded news-image\" src=\"https://cdn.eva.vn/upload/2-2019/images/2019-05-07/mua-du-lich-toi-roi-chi-em-di-bien-dung-quen-them-vao-vali-4-mon-xinh-xeo-nay-015487-1557202851-261-width600height744.jpg\" style=\"border:0px; box-sizing:border-box; display:block; height:auto; margin:0px auto; max-width:660px; width:inherit\" /></span></span></p>\r\n\r\n<p style=\"text-align:center\"><span style=\"font-size:14px\"><span style=\"font-family:arial,helvetica,sans-serif\"><span style=\"color:#0000CD\">Váy hai dây dáng ngắn siêu mát mẻ giúp các nàng bảo toàn phong cách điệu đà, nữ tính nhưng cũng cực kỳ trẻ trung, cá tính.</span></span></span></p>\r\n\r\n<p style=\"text-align:center\"><span style=\"font-size:16px\"><span style=\"font-family:arial,helvetica,sans-serif\"><img alt=\"mua du lich toi roi, chi em di bien dung quen them vao vali 4 mon xinh xeo nay - 17\" class=\"loaded news-image\" src=\"https://cdn.eva.vn/upload/2-2019/images/2019-05-07/mua-du-lich-toi-roi-chi-em-di-bien-dung-quen-them-vao-vali-4-mon-xinh-xeo-nay-01210-1557202851-135-width600height744.jpg\" style=\"border:0px; box-sizing:border-box; display:block; height:auto; margin:0px auto; max-width:660px; width:inherit\" /></span></span></p>\r\n\r\n<p style=\"text-align:center\"><span style=\"font-size:14px\"><span style=\"font-family:arial,helvetica,sans-serif\"><span style=\"color:#0000CD\">Chị em có thể tìm tới những mẫy váy hai dây đục lỗ siêu mát mẻ như thế này khi đi biển.</span></span></span></p>\r\n\r\n<p style=\"text-align:center\"><span style=\"font-size:16px\"><span style=\"font-family:arial,helvetica,sans-serif\"><img alt=\"mua du lich toi roi, chi em di bien dung quen them vao vali 4 mon xinh xeo nay - 18\" class=\"loaded news-image\" src=\"https://cdn.eva.vn/upload/2-2019/images/2019-05-07/mua-du-lich-toi-roi-chi-em-di-bien-dung-quen-them-vao-vali-4-mon-xinh-xeo-nay-0152124-1557203306-950-width600height747.jpg\" style=\"border:0px; box-sizing:border-box; display:block; height:auto; margin:0px auto; max-width:660px; width:inherit\" /></span></span></p>\r\n\r\n<p style=\"text-align:center\"><span style=\"font-size:14px\"><span style=\"font-family:arial,helvetica,sans-serif\"><span style=\"color:#0000CD\">Đơn giản hơn, một chiếc váy hai dây dáng ôm vừa phải cùng hoạ tiết chấm bi cũng đủ giúp chị em hoàn thiện phong cách sành điệu rồi.</span></span></span></p>\r\n\r\n<p style=\"text-align:center\"><span style=\"font-size:16px\"><span style=\"font-family:arial,helvetica,sans-serif\"><img alt=\"mua du lich toi roi, chi em di bien dung quen them vao vali 4 mon xinh xeo nay - 19\" class=\"loaded news-image\" src=\"https://cdn.eva.vn/upload/2-2019/images/2019-05-07/mua-du-lich-toi-roi-chi-em-di-bien-dung-quen-them-vao-vali-4-mon-xinh-xeo-nay-05145484-1557203019-509-width600height753.jpg\" style=\"border:0px; box-sizing:border-box; display:block; height:auto; margin:0px auto; max-width:660px; width:inherit\" /></span></span></p>\r\n\r\n<p style=\"text-align:center\"><span style=\"font-size:14px\"><span style=\"font-family:arial,helvetica,sans-serif\"><span style=\"color:#0000CD\">Cuối cùng, các nàng ưa thích vẻ quyến rũ, sang chảnh nhất định đừng bỏ qua những chiếc slipdress.</span></span></span></p>\r\n</div>\r\n', 'MxxY_news3.jpg', '2018-07-10 14:40:46', '2019-05-13 11:41:50'),
(7, 'Cô bé vô gia cư đam mê thời trang và cái kết ấm lòng cư dân mạng', 'co-be-vo-gia-cu-dam-me-thoi-trang-va-cai-ket-am-long-cu-dan-mang', '<div class=\"nsSap sap clrF\" style=\"margin: 10px 0px; box-sizing: border-box; clear: both; color: rgb(33, 33, 33); font-family: -apple-system, BlinkMacSystemFont, \">\r\n<h2><span style=\"font-size:18px\"><strong>Không vụt đến vụt đi như những hiện tượng mạng thường thấy, câu chuyện của Hoàng Anh – “fashionista” nhí lang thang trên đường phố Hà Nội và hành trình viết tiếp ước mơ của cô béthật sự đã chạm đến trái tim của nhiều người.</strong></span></h2>\r\n</div>\r\n\r\n<div class=\"nwsCt\" id=\"baiviet-container\" style=\"margin: 0px auto; box-sizing: border-box; color: rgb(33, 33, 33); font-family: -apple-system, BlinkMacSystemFont, \">\r\n<p style=\"text-align:justify\"><span style=\"font-size:16px\">Giữa thời đại 4.0, Internet và mạng xã hội phát triển như vũ bão, vô số thông tin nóng hổi từ Đông sang Tây nhanh chóng len lỏi đến mọi ngõ ngách chỉ sau một cú “click” chuột, rất nhiều người bỗng dưng nổi tiếng sau một đêm không rõ lý do,… Những điều này vô tình gây nên tâm lý đề phòng trong lòng công chúng, không ít người ngán ngẩm với những hiện tượng mạng “sớm nở tối tàn” chẳng lưu lại dấu ấn gì. Tuy vậy, như một hệ quả tất yếu, bên cạnh những tác động tiêu cực, chúng ta chẳng thể phủ nhận những khía cạnh tích cực mà Internet và mạng xã hội đang mang lại.</span></p>\r\n\r\n<p style=\"text-align:justify\"><span style=\"font-size:16px\">Chưa bao giờ, việc chia sẻ những khoảnh khắc bình dị, ý nghĩa trong cuộc sống đến với cộng đồng trở nên dễ dàng và nhanh chóng đến thế. Vượt qua việc câu “like”, câu “view”, có những câu chuyện xúc động được báo chí và dư luận xã hội nhắc đến thật sự lan tỏa thông điệp yêu thương, góp phần khơi dậy cảm hứng sống mạnh mẽ trong lòng công chúng. Câu chuyện về “thiên thần đường phố” Hoàng Anh là một minh chứng mới đây nhất.</span></p>\r\n\r\n<p style=\"text-align:center\"><img alt=\"co be vo gia cu dam me thoi trang va cai ket am long cu dan mang - 1\" class=\"initial loaded news-image\" src=\"https://cdn.eva.vn/upload/2-2019/images/2019-05-13/co-be-vo-gia-cu-dam-me-thoi-trang-va-cai-ket-am-long-cu-dan-mang-1-1557729226-265-width660height464.jpg\" style=\"border:0px; box-sizing:border-box; display:block; height:auto; margin:0px auto; max-width:660px; width:inherit\" /></p>\r\n\r\n<p style=\"text-align:center\"><span style=\"color:#0000CD\"><span style=\"font-size:14px\">Hoàng Anh – cô bé 6 tuổi lang thang cùng mẹ bán hàng rong trên phố cùng bộ trang phục lượm lặt và phối hợp ngẫu hứng</span></span></p>\r\n\r\n<p style=\"text-align:justify\"><span style=\"font-size:16px\">Hình ảnh Hoàng Anh ngồi cùng mẹ và em trai ở góc phố cổ Hà Nội, vô tình gây chú ý bởi bộ trang phục em lượm lặt lại được phối màu vô cùng thời thượng không thua gì các “fashionista” nhí hẳn vẫn còn lưu lại trong tâm trí bạn đọc. Không chỉ gây ấn tượng với bộ trang phục tuy đã cũ mèm nhưng được kết hợp cực kỳ bắt mắt, chính thần thái và niềm đam mê thời trang cháy bỏng đã giúp Hoàng Anh nhận được sự yêu mến từ cộng đồng mạng. Bóng tối của nghịch cảnh cũng không thể che lấp ánh mắt đầy khát khao và làm lu mờ khát vọng vươn lên của cô bé. Từ vỉa hè chật hẹp, Hoàng Anh vẫn nuôi dưỡng ước mơ được đến trường và khát vọng trở thành người mẫu, khoác lên mình nhiều bộ trang phục đẹp mắt và cầu kì.</span></p>\r\n\r\n<p style=\"text-align:center\"><img alt=\"co be vo gia cu dam me thoi trang va cai ket am long cu dan mang - 2\" class=\"loaded news-image\" src=\"https://cdn.eva.vn/upload/2-2019/images/2019-05-13/co-be-vo-gia-cu-dam-me-thoi-trang-va-cai-ket-am-long-cu-dan-mang-2-1557729226-184-width660height879.jpg\" style=\"border:0px; box-sizing:border-box; display:block; height:auto; margin:0px auto; max-width:660px; width:inherit\" /></p>\r\n\r\n<p style=\"text-align:center\"><span style=\"color:#0000CD\"><span style=\"font-size:14px\">Hoàng Anh bên mẹ và em trai (Ảnh: Facebook H.A.Z)</span></span></p>\r\n\r\n<p style=\"text-align:justify\"><span style=\"font-size:16px\">Không đơn thuần là một câu chuyện ảo nhanh chóng bị lãng quên giữa thế giới mạng xô bồ, Hoàng Anh giờ đây thật sự đã trở thành nguồn cảm hứng cho đông đảo những người trẻ dám mơ và theo đuổi ước mơ vượt lên trên hoàn cảnh. Với sức lan tỏa của mạng xã hội và sự giúp đỡ của đông đảo mạnh thường quân, cuộc sống của Hoàng Anh dường như đã bước sang một trang mới. Cô bé có được cơ hội tỏa sáng cũng như bước đi những bước đầu tiên trên hành trình thực hiện được đam mê thời trang của mình.</span></p>\r\n\r\n<p style=\"text-align:center\"><img alt=\"co be vo gia cu dam me thoi trang va cai ket am long cu dan mang - 3\" class=\"loaded news-image\" src=\"https://cdn.eva.vn/upload/2-2019/images/2019-05-13/co-be-vo-gia-cu-dam-me-thoi-trang-va-cai-ket-am-long-cu-dan-mang-4-1557729226-851-width660height990.jpg\" style=\"border:0px; box-sizing:border-box; display:block; height:auto; margin:0px auto; max-width:660px; width:inherit\" /></p>\r\n\r\n<p style=\"text-align:center\"><span style=\"color:#0000CD\"><span style=\"font-size:14px\">Ở hình ảnh mới nhất, Hoàng Anh vô cùng xinh xắn và hoạt bát trongmột bộ ảnh thời trang cho nhãn hàng trang phục trẻ em.</span></span></p>\r\n\r\n<p style=\"text-align:center\"><img alt=\"co be vo gia cu dam me thoi trang va cai ket am long cu dan mang - 4\" class=\"loaded news-image\" src=\"https://cdn.eva.vn/upload/2-2019/images/2019-05-13/co-be-vo-gia-cu-dam-me-thoi-trang-va-cai-ket-am-long-cu-dan-mang-5-1557729226-231-width660height990.jpg\" style=\"border:0px; box-sizing:border-box; display:block; height:auto; margin:0px auto; max-width:660px; width:inherit\" /></p>\r\n\r\n<p style=\"text-align:center\"><span style=\"color:#0000CD\"><span style=\"font-size:14px\">Vẫn tạo dáng rất chuyên nghiệp, nhưng giờ đây cô bé Hoàng Anh ngày càng đáng yêu và sống đúng với lứa tuổi ngây thơ của mình. Niềm đam mê thời trang và tố chất đặc biệt của Hoàng Anh là nguồn cảm hứngđể Thương hiệu Thời trang Trẻ em Việt Nam - Pink Sun thực hiện bộ ảnh này</span></span></p>\r\n\r\n<p style=\"text-align:center\"><img alt=\"co be vo gia cu dam me thoi trang va cai ket am long cu dan mang - 5\" class=\"loaded news-image\" src=\"https://cdn.eva.vn/upload/2-2019/images/2019-05-13/co-be-vo-gia-cu-dam-me-thoi-trang-va-cai-ket-am-long-cu-dan-mang-6-1557729226-704-width660height989.jpg\" style=\"border:0px; box-sizing:border-box; display:block; height:auto; margin:0px auto; max-width:660px; width:inherit\" /></p>\r\n\r\n<p style=\"text-align:center\"><span style=\"color:#0000CD\"><span style=\"font-size:14px\">Với Pink Sun, sự tự nhiên, tươi mới và phong cách thời trang tự do, khoáng đạt chính là nét thu hút nhất của Hoàng Anh</span></span></p>\r\n\r\n<p style=\"text-align:center\"><img alt=\"co be vo gia cu dam me thoi trang va cai ket am long cu dan mang - 6\" class=\"loaded news-image\" src=\"https://cdn.eva.vn/upload/2-2019/images/2019-05-13/co-be-vo-gia-cu-dam-me-thoi-trang-va-cai-ket-am-long-cu-dan-mang-8-1557729226-971-width660height990.jpg\" style=\"border:0px; box-sizing:border-box; display:block; height:auto; margin:0px auto; max-width:660px; width:inherit\" /></p>\r\n\r\n<p style=\"text-align:center\"><span style=\"color:#0000CD\"><span style=\"font-size:14px\">Ra đời từ năm 2007, Pink Sun đã và đang khẳng định tên tuổi trên thị trường Việt khi tiên phong về phong cách năng động, tâm huyết lựa chọn những chất liệu an toàn cho trẻ em, sáng tạo về mẫu mã, kiểu dáng, đa dạng màu sắc,… không thua kém bất kỳ thương hiệu quốc tế nào.</span></span></p>\r\n\r\n<p style=\"text-align:center\"><img alt=\"co be vo gia cu dam me thoi trang va cai ket am long cu dan mang - 7\" class=\"loaded news-image\" src=\"https://cdn.eva.vn/upload/2-2019/images/2019-05-13/co-be-vo-gia-cu-dam-me-thoi-trang-va-cai-ket-am-long-cu-dan-mang-9-1557729226-217-width660height990.jpg\" style=\"border:0px; box-sizing:border-box; display:block; height:auto; margin:0px auto; max-width:660px; width:inherit\" /></p>\r\n\r\n<p style=\"text-align:center\"><span style=\"color:#0000CD\"><span style=\"font-size:14px\">Với tiêu chí hướng đến sự thoải mái và tiện dụng, các sản phẩm dành cho trẻ em của Pink Sun đang được các bậc phụ huynh đánh giá cao và tin tưởng lựa chọn</span></span></p>\r\n\r\n<p style=\"text-align:center\"><img alt=\"co be vo gia cu dam me thoi trang va cai ket am long cu dan mang - 8\" class=\"loaded news-image\" src=\"https://cdn.eva.vn/upload/2-2019/images/2019-05-13/co-be-vo-gia-cu-dam-me-thoi-trang-va-cai-ket-am-long-cu-dan-mang-11-1557729226-461-width660height991.jpg\" style=\"border:0px; box-sizing:border-box; display:block; height:auto; margin:0px auto; max-width:660px; width:inherit\" /></p>\r\n\r\n<p style=\"text-align:center\"><span style=\"color:#0000CD\"><span style=\"font-size:14px\">Chung tay cùng cộng đồng giữ mãi nụ cười vô giá, đồng hành và chắp cánh ước mơ của Hoàng Anh cùng hàng triệu trẻ em Việt, đó là định hướng tương lai mà đội ngũ Pink Sun luôn ấp ủ và quyết tâm thực hiện</span></span></p>\r\n</div>\r\n', 'o7gh_news6.jpg', '2018-08-05 13:22:38', '2019-05-13 11:45:25'),
(9, 'Sài Gòn cứ việc âm u, chị em ngoài 30 muốn rạng rỡ cứ diện mấy gam màu này', 'sai-gon-cu-viec-am-u-chi-em-ngoai-30-muon-rang-ro-cu-dien-may-gam-mau-nay', '<div class=\"nsSap sap clrF\" style=\"margin: 10px 0px; box-sizing: border-box; clear: both; color: rgb(33, 33, 33); font-family: -apple-system, BlinkMacSystemFont, \">\r\n<h2><span style=\"font-size:18px\"><strong>Muốn một vẻ ngoài trẻ trung và tràn đầy sức sống, chị em ngoài 30 đừng bỏ qua những trang phục mang mấy gam màu dưới đây.</strong></span></h2>\r\n</div>\r\n\r\n<div class=\"nwsCt\" id=\"baiviet-container\" style=\"margin: 0px auto; box-sizing: border-box; color: rgb(33, 33, 33); font-family: -apple-system, BlinkMacSystemFont, \">\r\n<p style=\"text-align:justify\"><span style=\"font-size:16px\">Hết nắng gắt rồi lại chuyển mưa giông, thời tiết thật chẳng chiều lòng người chút nào. Thế nhưng thôi, đòi hỏi mà làm gì. Bởi chị em hoàn toàn có thể tự chiều chuộng mình bằng cách diện đồ thật xinh xẻo đi lang thang cà phê với hội bạn thân hay hẹn hò đây đó với người thương trong những ngày cuối tuần thảnh thơi này. Và đặc biệt, 5 gam màu ở trang phục dưới đây sẽ đem tới cho các nàng ngoài 30 vẻ rạng ngời và tràn đầy sức sống, kéo lại tâm trạng đang bị chùng xuống bởi tiết trời âm u của Sài Gòn.</span></p>\r\n\r\n<p style=\"text-align:justify\"><span style=\"font-size:16px\"><strong>Vàng mù tạt</strong></span></p>\r\n\r\n<p style=\"text-align:justify\"><span style=\"font-size:16px\">Vẫn chưa “hạ nhiệt”, vàng mù tạt là gam màu vốn được lòng rất nhiều các quý cô sành mặc. Trước tiên, gam màu vàng mù tạt không quá choé cũng chẳng quá chìm chắc chắn sẽ đem tới cho diện mạo các nàng vẻ rạng rỡ, hút mắt, đồng thời bảo đảm nét thanh lịch và thời thượng. Bên cạnh đó, vàng mù tạt vốn không hề kén da người diện như những tông vàng nổi bật khác, thế nên chị em hãy cứ yên tâm mà cho gam màu này lên sóng thôi. Các nàng có thể lựa chọn những chiếc váy liền, jumpsuit hay set đồ ton-sur-ton gam vàng mù tạt nếu không muốn suy nghĩ khoản phối màu. Hoặc không, hãy tạo nét độc đáo cho set đồ bằng cách kết hợp vàng mù tạt với một màu sắc khác. Khả năng “kết đôi” hoàn hảo của vàng mù tạt với hầu hết các tông màu khác sẽ cho các nàng ngoài 30 những set đồ cực sành điệu và hút mắt.</span></p>\r\n\r\n<p style=\"text-align:center\"><img alt=\"sai gon cu viec am u, chi em ngoai 30 muon rang ro cu dien may gam mau nay - 1\" class=\"initial loaded news-image\" src=\"https://cdn.eva.vn/upload/2-2019/images/2019-05-04/sai-gon-cu-viec-am-u-chi-em-muon-rang-ro-cu-dien-may-gam-mau-nay-2o34-1556945444-102-width600height750.jpg\" style=\"border:0px; box-sizing:border-box; display:block; height:auto; margin:0px auto; max-width:660px; width:inherit\" /></p>\r\n\r\n<p style=\"text-align:center\"><span style=\"color:#0000CD\"><span style=\"font-size:14px\">Gam vàng mù tạt đem tới vẻ rạng rỡ và tràn đầy sức sống cho người diện.</span></span></p>\r\n\r\n<p style=\"text-align:center\"><img alt=\"sai gon cu viec am u, chi em ngoai 30 muon rang ro cu dien may gam mau nay - 2\" class=\"initial loaded news-image\" src=\"https://cdn.eva.vn/upload/2-2019/images/2019-05-04/sai-gon-cu-viec-am-u-chi-em-muon-rang-ro-cu-dien-may-gam-mau-nay-523435-1556945444-283-width600height750.jpg\" style=\"border:0px; box-sizing:border-box; display:block; height:auto; margin:0px auto; max-width:660px; width:inherit\" /></p>\r\n\r\n<p style=\"text-align:center\"><span style=\"color:#0000CD\"><span style=\"font-size:14px\">Vàng mù tạt không quá choé cũng không quá trầm giúp các nàng bảo toàn vẻ ngoài nổi bật nhưng đầy thanh lịch.</span></span></p>\r\n\r\n<p style=\"text-align:center\"><img alt=\"sai gon cu viec am u, chi em ngoai 30 muon rang ro cu dien may gam mau nay - 3\" class=\"loaded news-image\" src=\"https://cdn.eva.vn/upload/2-2019/images/2019-05-04/sai-gon-cu-viec-am-u-chi-em-muon-rang-ro-cu-dien-may-gam-mau-nay-4n23-1556945444-298-width600height751.jpg\" style=\"border:0px; box-sizing:border-box; display:block; height:auto; margin:0px auto; max-width:660px; width:inherit\" /></p>\r\n\r\n<p style=\"text-align:center\"><span style=\"color:#0000CD\"><span style=\"font-size:14px\">Những chiếc áo blouse gam vàng mù tạt là lựa chọn hoàn hảo cho các nàng điệu đà.</span></span></p>\r\n\r\n<p style=\"text-align:center\"><img alt=\"sai gon cu viec am u, chi em ngoai 30 muon rang ro cu dien may gam mau nay - 4\" class=\"loaded news-image\" src=\"https://cdn.eva.vn/upload/2-2019/images/2019-05-04/sai-gon-cu-viec-am-u-chi-em-muon-rang-ro-cu-dien-may-gam-mau-nay-85453-1556945444-809-width600height750.jpg\" style=\"border:0px; box-sizing:border-box; display:block; height:auto; margin:0px auto; max-width:660px; width:inherit\" /></p>\r\n\r\n<p style=\"text-align:center\"><span style=\"color:#0000CD\"><span style=\"font-size:14px\">Gam vàng mù tạt có thể kết hợp cực ăn ý với các gam màu trung tính, nhã nhặn như đen, trắng, trắng kem,...</span></span></p>\r\n\r\n<p style=\"text-align:center\"><img alt=\"sai gon cu viec am u, chi em ngoai 30 muon rang ro cu dien may gam mau nay - 5\" class=\"loaded news-image\" src=\"https://cdn.eva.vn/upload/2-2019/images/2019-05-04/sai-gon-cu-viec-am-u-chi-em-muon-rang-ro-cu-dien-may-gam-mau-nay-432423-1556945444-66-width600height747.jpg\" style=\"border:0px; box-sizing:border-box; display:block; height:auto; margin:0px auto; max-width:660px; width:inherit\" /></p>\r\n\r\n<p style=\"text-align:center\"><span style=\"color:#0000CD\"><span style=\"font-size:14px\">Các nàng cũng có thể tìm tới những item mang gam màu này kèm theo phần phủ hoạ tiết tối giản như chấm bi, hoa nhí,...</span></span></p>\r\n\r\n<p style=\"text-align:justify\"><span style=\"font-size:16px\"><strong>Đỏ cà chua</strong></span></p>\r\n\r\n<p style=\"text-align:justify\"><span style=\"font-size:16px\">Cũng như vàng mù tạt, đỏ cà chua là tông màu vốn không choé như đỏ thuần, lại chẳng quá trầm như đỏ bã trầu. Thế nên, nó vừa có thể giúp các nàng bảo toàn nét phong cách nhẹ nhàng, quyến rũ lại vừa tạo sự nổi bật, bắt mắt và đặc biệt trẻ trung cho vẻ ngoài. Chưa kể đến, gam màu đỏ nói chung vốn mang theo nó nguồn năng lượng tuyệt vời, tạo cảm giác phấn chấn và tươi mới nơi người nhìn. Thế mới nói, gam màu này sẽ khiến diện mạo các nàng trở nên cuốn hút hơn bao giờ hết, khiến ai nhìn vào cũng chẳng muốn rời mắt.</span></p>\r\n\r\n<p style=\"text-align:center\"><img alt=\"sai gon cu viec am u, chi em ngoai 30 muon rang ro cu dien may gam mau nay - 6\" class=\"loaded news-image\" src=\"https://cdn.eva.vn/upload/2-2019/images/2019-05-04/sai-gon-cu-viec-am-u-chi-em-muon-rang-ro-cu-dien-may-gam-mau-nay-2i73u4k-1556945444-73-width600height748.jpg\" style=\"border:0px; box-sizing:border-box; display:block; height:auto; margin:0px auto; max-width:660px; width:inherit\" /></p>\r\n\r\n<p style=\"text-align:center\"><span style=\"color:#0000CD\"><span style=\"font-size:14px\">Gam đỏ cà chua đem tới vẻ nổi bật và vô cùng sành điệu cho phong cách người diện.</span></span></p>\r\n\r\n<p style=\"text-align:center\"><img alt=\"sai gon cu viec am u, chi em ngoai 30 muon rang ro cu dien may gam mau nay - 7\" class=\"loaded news-image\" src=\"https://cdn.eva.vn/upload/2-2019/images/2019-05-04/sai-gon-cu-viec-am-u-chi-em-muon-rang-ro-cu-dien-may-gam-mau-nay-6y238-1556945444-899-width600height747.jpg\" style=\"border:0px; box-sizing:border-box; display:block; height:auto; margin:0px auto; max-width:660px; width:inherit\" /></p>\r\n\r\n<p style=\"text-align:center\"><span style=\"color:#0000CD\"><span style=\"font-size:14px\">Không quá choé, đỏ cà chua là gam màu trang phục&nbsp;mà các nàng ngoài 30 nên dành ưu ái trong những dịp xuống phố dạo chơi.</span></span></p>\r\n\r\n<p style=\"text-align:center\"><img alt=\"sai gon cu viec am u, chi em ngoai 30 muon rang ro cu dien may gam mau nay - 8\" class=\"loaded news-image\" src=\"https://cdn.eva.vn/upload/2-2019/images/2019-05-04/sai-gon-cu-viec-am-u-chi-em-muon-rang-ro-cu-dien-may-gam-mau-nay-72385-1556945444-430-width600height751.jpg\" style=\"border:0px; box-sizing:border-box; display:block; height:auto; margin:0px auto; max-width:660px; width:inherit\" /></p>\r\n\r\n<p style=\"text-align:center\"><span style=\"color:#0000CD\"><span style=\"font-size:14px\">Gam đỏ cà chua luôn có khả năng kết hợp cực ăn ý với các items chất liệu jeans.</span></span></p>\r\n\r\n<p style=\"text-align:center\"><img alt=\"sai gon cu viec am u, chi em ngoai 30 muon rang ro cu dien may gam mau nay - 9\" class=\"loaded news-image\" src=\"https://cdn.eva.vn/upload/2-2019/images/2019-05-04/sai-gon-cu-viec-am-u-chi-em-muon-rang-ro-cu-dien-may-gam-mau-nay-523423-1556945444-364-width600height717.jpg\" style=\"border:0px; box-sizing:border-box; display:block; height:auto; margin:0px auto; max-width:660px; width:inherit\" /></p>\r\n\r\n<p style=\"text-align:center\"><span style=\"color:#0000CD\"><span style=\"font-size:14px\">Các nàng nghĩ sao về việc sắm thêm một, hai chiếc váy liền gam đỏ cà chua?</span></span></p>\r\n\r\n<p style=\"text-align:center\"><img alt=\"sai gon cu viec am u, chi em ngoai 30 muon rang ro cu dien may gam mau nay - 10\" class=\"loaded news-image\" src=\"https://cdn.eva.vn/upload/2-2019/images/2019-05-04/sai-gon-cu-viec-am-u-chi-em-muon-rang-ro-cu-dien-may-gam-mau-nay-63432-1556945444-57-width600height709.jpg\" style=\"border:0px; box-sizing:border-box; display:block; height:auto; margin:0px auto; max-width:660px; width:inherit\" /></p>\r\n\r\n<p style=\"text-align:center\"><span style=\"color:#0000CD\"><span style=\"font-size:14px\">Không muốn nổi bật, chị em có thể bổ sung những món phụ kiện gam đỏ cà chua như giày hay túi xách&nbsp;vào set đồ để tạo điểm nhấn.</span></span></p>\r\n\r\n<p style=\"text-align:justify\"><span style=\"font-size:16px\"><strong>Xanh da trời nhạt</strong></span></p>\r\n\r\n<p style=\"text-align:justify\"><span style=\"font-size:16px\">Mùa hè thì làm sao thiếu gam màu xanh da trời dịu mát được cơ chứ. Trước tiên phải nói tới ấy là khả năng đem tới cả người diện và người nhìn cảm giác dễ chịu, thoải mái của gam màu này. Những set đồ gam xanh da trời nhạt tươi sáng và nền nã chắc chắn sẽ đem lại cho các nàng vẻ tràn đầy sức sống, đồng thời là vẻ thanh lịch và trang nhã của một quý cô chính hiệu. Ngoài ra, cũng không thể không nhắc tới khả năng kết hợp cực ngọt với mọi tông da của gam màu chuẩn hè này. Do đó, chị em hãy cứ yên tâm sắm đôi ba item mang gam xanh da trời nhạt để trưng diện trong mùa hè này.</span></p>\r\n\r\n<p style=\"text-align:center\"><img alt=\"sai gon cu viec am u, chi em ngoai 30 muon rang ro cu dien may gam mau nay - 11\" class=\"loaded news-image\" src=\"https://cdn.eva.vn/upload/2-2019/images/2019-05-04/sai-gon-cu-viec-am-u-chi-em-muon-rang-ro-cu-dien-may-gam-mau-nay-r3n4234-1556945444-82-width600height748.jpg\" style=\"border:0px; box-sizing:border-box; display:block; height:auto; margin:0px auto; max-width:660px; width:inherit\" /></p>\r\n\r\n<p style=\"text-align:center\"><span style=\"color:#0000CD\"><span style=\"font-size:14px\">Gam xanh da trời siêu dịu mắt&nbsp;chắc chắn sẽ khiến mùa hè của các nàng trở nên mát mẻ hơn rất nhiều.</span></span></p>\r\n\r\n<p style=\"text-align:center\"><img alt=\"sai gon cu viec am u, chi em ngoai 30 muon rang ro cu dien may gam mau nay - 12\" class=\"loaded news-image\" src=\"https://cdn.eva.vn/upload/2-2019/images/2019-05-04/sai-gon-cu-viec-am-u-chi-em-muon-rang-ro-cu-dien-may-gam-mau-nay-7o8h4234-1556945444-689-width600height752.jpg\" style=\"border:0px; box-sizing:border-box; display:block; height:auto; margin:0px auto; max-width:660px; width:inherit\" /></p>\r\n\r\n<p style=\"text-align:center\"><span style=\"color:#0000CD\"><span style=\"font-size:14px\">Những chiếc áo phông gam xanh da trời là item nhất định phải có trong tủ đồ hè của chị em.</span></span></p>\r\n\r\n<p style=\"text-align:center\"><img alt=\"sai gon cu viec am u, chi em ngoai 30 muon rang ro cu dien may gam mau nay - 13\" class=\"loaded news-image\" src=\"https://cdn.eva.vn/upload/2-2019/images/2019-05-04/sai-gon-cu-viec-am-u-chi-em-muon-rang-ro-cu-dien-may-gam-mau-nay-745-1556945444-156-width600height744.jpg\" style=\"border:0px; box-sizing:border-box; display:block; height:auto; margin:0px auto; max-width:660px; width:inherit\" /></p>\r\n\r\n<p style=\"text-align:center\"><span style=\"color:#0000CD\"><span style=\"font-size:14px\">Diện váy sơ mi gam xanh da trời nhạt, chị em sẽ có ngay một vẻ ngoài thừa thanh lịch và phóng khoáng.</span></span></p>\r\n\r\n<p style=\"text-align:center\"><img alt=\"sai gon cu viec am u, chi em ngoai 30 muon rang ro cu dien may gam mau nay - 14\" class=\"loaded news-image\" src=\"https://cdn.eva.vn/upload/2-2019/images/2019-05-04/sai-gon-cu-viec-am-u-chi-em-muon-rang-ro-cu-dien-may-gam-mau-nay-6433-1556945444-408-width600height752.jpg\" style=\"border:0px; box-sizing:border-box; display:block; height:auto; margin:0px auto; max-width:660px; width:inherit\" /></p>\r\n\r\n<p style=\"text-align:center\"><span style=\"color:#0000CD\"><span style=\"font-size:14px\">Các nàng điệu đà làm sao có thể bỏ qua những chiếc áo blouse xinh xẻo gam xanh da trời nhạt cơ chứ!</span></span></p>\r\n\r\n<p style=\"text-align:center\"><img alt=\"sai gon cu viec am u, chi em ngoai 30 muon rang ro cu dien may gam mau nay - 15\" class=\"loaded news-image\" src=\"https://cdn.eva.vn/upload/2-2019/images/2019-05-04/sai-gon-cu-viec-am-u-chi-em-muon-rang-ro-cu-dien-may-gam-mau-nay-8544-1556945444-901-width600height758.jpg\" style=\"border:0px; box-sizing:border-box; display:block; height:auto; margin:0px auto; max-width:660px; width:inherit\" /></p>\r\n\r\n<p style=\"text-align:center\"><span style=\"color:#0000CD\"><span style=\"font-size:14px\">Mát mẻ tuyệt đối, chị em có thể tìm tới những items chất lụa mang gam màu này.</span></span></p>\r\n\r\n<p style=\"text-align:justify\"><span style=\"font-size:16px\"><strong>Hồng pastel</strong></span></p>\r\n\r\n<p style=\"text-align:justify\"><span style=\"font-size:16px\">Điệu đà, ngọt ngào mà không kém phần thanh lịch, trang nhã, ấy là những gì mà gam hồng pastel có thể đem tới cho phong cách các nàng. Hồng pastel vốn là gam màu được ưa chuộng nhất trong “dòng họ” pastel bởi vẻ vô cùng nữ tính và thời thượng mà nó đem tới cho set đồ. Bên cạnh đó, việc mix&amp;match với gam màu này cũng sẽ chẳng ngốn của chị em quá nhiều thời gian đâu. Khi mà chỉ đơn giản là “bắt cặp” hồng pastel với những gam màu nhã nhặn khác như trắng, trắng kem, be,... là chị em đã có ngay một vẻ ngoài thừa xinh xẻo rồi. Hoặc an toàn nhất, các nàng nghĩ sao về việc diện một set đồ ton-sur-ton gam hồng pastel? Quá xinh phải không nào?</span></p>\r\n\r\n<p style=\"text-align:center\"><img alt=\"sai gon cu viec am u, chi em ngoai 30 muon rang ro cu dien may gam mau nay - 16\" class=\"loaded news-image\" src=\"https://cdn.eva.vn/upload/2-2019/images/2019-05-04/sai-gon-cu-viec-am-u-chi-em-muon-rang-ro-cu-dien-may-gam-mau-nay-ui345-1556945444-212-width600height747.jpg\" style=\"border:0px; box-sizing:border-box; display:block; height:auto; margin:0px auto; max-width:660px; width:inherit\" /></p>\r\n\r\n<p style=\"text-align:center\"><span style=\"color:#0000CD\"><span style=\"font-size:14px\">Hồng pastel là gam màu luôn cực kỳ được lòng các quý cô sành mặc.</span></span></p>\r\n\r\n<p style=\"text-align:center\"><img alt=\"sai gon cu viec am u, chi em ngoai 30 muon rang ro cu dien may gam mau nay - 17\" class=\"loaded news-image\" src=\"https://cdn.eva.vn/upload/2-2019/images/2019-05-04/sai-gon-cu-viec-am-u-chi-em-muon-rang-ro-cu-dien-may-gam-mau-nay-7843n2-1556945444-517-width600height732.jpg\" style=\"border:0px; box-sizing:border-box; display:block; height:auto; margin:0px auto; max-width:660px; width:inherit\" /></p>\r\n\r\n<p style=\"text-align:center\"><span style=\"color:#0000CD\"><span style=\"font-size:14px\">Ngọt ngào, nữ tính nhưng cũng rất trang nhã, thanh lịch, đó là những gì mà gam hồng pastel đem tới cho vẻ ngoài người diện.</span></span></p>\r\n\r\n<p style=\"text-align:center\"><img alt=\"sai gon cu viec am u, chi em ngoai 30 muon rang ro cu dien may gam mau nay - 18\" class=\"loaded news-image\" src=\"https://cdn.eva.vn/upload/2-2019/images/2019-05-04/sai-gon-cu-viec-am-u-chi-em-muon-rang-ro-cu-dien-may-gam-mau-nay-2343453-1556945444-139-width600height641.jpg\" style=\"border:0px; box-sizing:border-box; display:block; height:auto; margin:0px auto; max-width:660px; width:inherit\" /></p>\r\n\r\n<p style=\"text-align:center\"><span style=\"color:#0000CD\"><span style=\"font-size:14px\">Các nàng cũng có thể tìm tới những món đồ có gam hồng pastel pha đất để tăng thêm vẻ sành điệu cho phong cách.</span></span></p>\r\n\r\n<p style=\"text-align:center\"><img alt=\"sai gon cu viec am u, chi em ngoai 30 muon rang ro cu dien may gam mau nay - 19\" class=\"loaded news-image\" src=\"https://cdn.eva.vn/upload/2-2019/images/2019-05-04/sai-gon-cu-viec-am-u-chi-em-muon-rang-ro-cu-dien-may-gam-mau-nay-7534-1556945444-553-width600height750.jpg\" style=\"border:0px; box-sizing:border-box; display:block; height:auto; margin:0px auto; max-width:660px; width:inherit\" /></p>\r\n\r\n<p style=\"text-align:center\"><span style=\"color:#0000CD\"><span style=\"font-size:14px\">Diện váy liền gam hồng pastel là cách nhanh nhất để hoàn thiện set đồ chuẩn bánh bèo.</span></span></p>\r\n\r\n<p style=\"text-align:center\"><img alt=\"sai gon cu viec am u, chi em ngoai 30 muon rang ro cu dien may gam mau nay - 20\" class=\"loaded news-image\" src=\"https://cdn.eva.vn/upload/2-2019/images/2019-05-04/sai-gon-cu-viec-am-u-chi-em-muon-rang-ro-cu-dien-may-gam-mau-nay-634-1556945444-657-width600height749.jpg\" style=\"border:0px; box-sizing:border-box; display:block; height:auto; margin:0px auto; max-width:660px; width:inherit\" /></p>\r\n\r\n<p style=\"text-align:center\"><span style=\"color:#0000CD\"><span style=\"font-size:14px\">Hoặc không, chị em cũng có thể mix&amp;match gam màu này với những màu sắc trung tính, nhã nhặn khác để hoàn thiện set đồ.</span></span></p>\r\n</div>\r\n', 'k9GE_news4.jpg', '2019-05-13 11:26:54', '2019-05-13 11:46:41');
INSERT INTO `tbl_news` (`news_id`, `news_title`, `news_alias`, `news_content`, `news_image`, `created_at`, `updated_at`) VALUES
(10, 'Xinh xẻo và thừa mát mẻ, đây là 5 món xứng đáng lên ngôi dịp ăn chơi dài ngày này', 'xinh-xeo-va-thua-mat-me-day-la-5-mon-xung-dang-len-ngoi-dip-an-choi-dai-ngay-nay', '<div class=\"nsSap sap clrF\" style=\"margin: 10px 0px; box-sizing: border-box; clear: both; color: rgb(33, 33, 33); font-family: -apple-system, BlinkMacSystemFont, \">\r\n<h2><span style=\"font-size:18px\"><strong>Nếu chưa biết diện gì xuống phố hay đi hẹn hò bạn bè, người thân trong dịp lễ này, các nàng nhất định nên tham khảo ngay 5 mẫu váy liền xinh xẻo dưới đây.</strong></span></h2>\r\n</div>\r\n\r\n<div class=\"nwsCt\" id=\"baiviet-container\" style=\"margin: 0px auto; box-sizing: border-box; color: rgb(33, 33, 33); font-family: -apple-system, BlinkMacSystemFont, \">\r\n<p style=\"text-align:justify\"><span style=\"font-size:16px\">Trong kỳ nghỉ lễ dài ngày này, chắc hẳn các cô gái sẽ có không ít kế hoạch vui chơi, tiệc tùng, hẹn hò với người thân và bạn bè. Và tất nhiên, đây chính là lúc chị em có quyền dẹp hết đồ công sở nghiêm túc, cục mịch, thay vào đó là cho lên sóng những trang phục điệu đà và quyến rũ hơn. Tuy nhiên, điệu mấy cũng vẫn phải đáp ứng cả tiêu chí thoáng mát, thoải mái nữa, Sài Gòn nắng nóng thế cơ mà. Vậy thì lúc này, 5 mẫu váy liền dưới đây chính là gợi ý hoàn hảo dành cho các cô gái.</span></p>\r\n\r\n<p style=\"text-align:justify\"><span style=\"font-size:16px\"><strong>Váy liền cài cúc trước</strong></span></p>\r\n\r\n<p style=\"text-align:justify\"><span style=\"font-size:16px\">Tối giản mà đầy thanh lịch, pha lẫn chút cổ điển, ấy là những gì mà người ta có thể cảm nhận được khi trông thấy một chiếc váy liền cài cúc trước. Thiết kế đơn giản cùng phần nhấn nhá chính là hàng cúc lớn chạy dọc suốt phần trước thân váy tạo nên vẻ gì đó rất thanh lịch, thời thượng nhưng cũng vô cùng vintage. Chính điều này của váy liền cài cúc trước sẽ đem tới cho phong cách người diện sự nổi bật và vô cùng hút mắt, khiến người ta chỉ muốn ngắm nhìn mãi không thôi. Bên cạnh đó, phần lớn những mẫu váy liền cài cúc trước đều có thiết kế và chất liệu khá mát mẻ để trưng dụng trong mùa hè nắng nóng. Do vậy, việc của chị em là diện mẫu váy này và toả sáng thôi.</span></p>\r\n\r\n<p style=\"text-align:center\"><img alt=\"xinh xeo va thua mat me, day la 5 mon xung dang len ngoi dip an choi dai ngay nay - 1\" class=\"initial loaded news-image\" src=\"https://cdn.eva.vn/upload/2-2019/images/2019-04-28/vay-lien-13222-1556422035-327-width600height750.jpg\" style=\"border:0px; box-sizing:border-box; display:block; height:auto; margin:0px auto; max-width:660px; width:inherit\" /></p>\r\n\r\n<p style=\"text-align:center\"><span style=\"color:#0000CD\"><span style=\"font-size:14px\">Váy liền có hàng cúc phía trước mang tới những nét vô cùng thanh lịch pha lẫn cổ điển cho vẻ ngoài người diện.</span></span></p>\r\n\r\n<p style=\"text-align:center\"><img alt=\"xinh xeo va thua mat me, day la 5 mon xung dang len ngoi dip an choi dai ngay nay - 2\" class=\"initial loaded news-image\" src=\"https://cdn.eva.vn/upload/2-2019/images/2019-04-28/vay-lien-317a00447a0c7ae406413b82f0364c0a-1556422035-99-width600height597.jpg\" style=\"border:0px; box-sizing:border-box; display:block; height:auto; margin:0px auto; max-width:660px; width:inherit\" /></p>\r\n\r\n<p style=\"text-align:center\"><span style=\"color:#0000CD\"><span style=\"font-size:14px\">Những mẫu váy trắng trơn màu với điểm nhấn là hàng cúc dài chạy dọc phía trước vốn cực được lòng các cô nàng mê mẩn phong cách thanh lịch, trang nhã.</span></span></p>\r\n\r\n<div class=\"txtCent\" id=\"ADS_159_15s\" style=\"margin: 0px auto; box-sizing: border-box; text-align: center;\">&nbsp;</div>\r\n\r\n<p style=\"text-align:center\"><img alt=\"xinh xeo va thua mat me, day la 5 mon xung dang len ngoi dip an choi dai ngay nay - 3\" class=\"loaded news-image\" src=\"https://cdn.eva.vn/upload/2-2019/images/2019-04-28/vay-lien-jn-1556422036-165-width600height900.jpg\" style=\"border:0px; box-sizing:border-box; display:block; height:auto; margin:0px auto; max-width:660px; width:inherit\" /></p>\r\n\r\n<p style=\"text-align:center\"><span style=\"color:#0000CD\"><span style=\"font-size:14px\">Mát mẻ hơn, các nàng có thể tìm tới những mẫu váy hai dây có cài cúc phía trước.</span></span></p>\r\n\r\n<p style=\"text-align:center\"><img alt=\"xinh xeo va thua mat me, day la 5 mon xung dang len ngoi dip an choi dai ngay nay - 4\" class=\"loaded news-image\" src=\"https://cdn.eva.vn/upload/2-2019/images/2019-04-28/vay-lien-bjm-1556422036-370-width600height900.jpg\" style=\"border:0px; box-sizing:border-box; display:block; height:auto; margin:0px auto; max-width:660px; width:inherit\" /></p>\r\n\r\n<p style=\"text-align:center\"><span style=\"color:#0000CD\"><span style=\"font-size:14px\">Điệu đà hơn, các nàng có thể tìm tới những thiết kế váy cách điệu như tay bồng.</span></span></p>\r\n\r\n<p style=\"text-align:justify\"><span style=\"font-size:16px\"><strong>Váy quấn</strong></span></p>\r\n\r\n<p style=\"text-align:justify\"><span style=\"font-size:16px\">Váy quấn là item vốn đã cực kỳ được lòng các quý cô sành mặc bởi vô vàn những điểm cộng tuyệt vời mà nó đem tới cho phong cách cũng như vóc dáng người diện. Đầu tiên phải nhắc tới ấy là thiết kế siêu nịnh dáng của mẫu váy này. Phần thân váy quấn ôm trọn đúng vòng 2, khiến vòng 2 như trở nên thon gọn và nhỏ nhắn hơn. Cùng với đó, váy quấn sẽ giúp các nàng bảo toàn một vẻ ngoài vô cùng mềm mại, nữ tính nhưng không kém phần nổi bật, hút mắt bởi thiết kế lớp chồng lớp độc đáo. Và tất nhiên, xét cả về độ phóng khoáng và thoải mái thì mẫu váy này cũng có thừa rồi.</span></p>\r\n\r\n<p style=\"text-align:center\"><img alt=\"xinh xeo va thua mat me, day la 5 mon xung dang len ngoi dip an choi dai ngay nay - 5\" class=\"loaded news-image\" src=\"https://cdn.eva.vn/upload/2-2019/images/2019-04-28/vay-lien-324jjk-1556422035-559-width600height736.jpg\" style=\"border:0px; box-sizing:border-box; display:block; height:auto; margin:0px auto; max-width:660px; width:inherit\" /></p>\r\n\r\n<p style=\"text-align:center\"><span style=\"color:#0000CD\"><span style=\"font-size:14px\">Váy quấn giúp tôn lên triệt để vóc dáng người diện.</span></span></p>\r\n\r\n<p style=\"text-align:center\"><img alt=\"xinh xeo va thua mat me, day la 5 mon xung dang len ngoi dip an choi dai ngay nay - 6\" class=\"loaded news-image\" src=\"https://cdn.eva.vn/upload/2-2019/images/2019-04-28/vay-lien-2344532e-1556422035-718-width600height750.jpg\" style=\"border:0px; box-sizing:border-box; display:block; height:auto; margin:0px auto; max-width:660px; width:inherit\" /></p>\r\n\r\n<p style=\"text-align:center\"><span style=\"color:#0000CD\"><span style=\"font-size:14px\">Những chiếc váy quấn phủ hoạ tiết giúp người diện trông nổi bật và hút mắt hơn.</span></span></p>\r\n\r\n<p style=\"text-align:center\"><img alt=\"xinh xeo va thua mat me, day la 5 mon xung dang len ngoi dip an choi dai ngay nay - 7\" class=\"loaded news-image\" src=\"https://cdn.eva.vn/upload/2-2019/images/2019-04-28/vay-lien-7y3h4-1556422035-879-width600height751.jpg\" style=\"border:0px; box-sizing:border-box; display:block; height:auto; margin:0px auto; max-width:660px; width:inherit\" /></p>\r\n\r\n<p style=\"text-align:center\"><span style=\"color:#0000CD\"><span style=\"font-size:14px\">Mát mẻ nhất, các nàng nên lựa chọn những mẫu váy quấn sát nách để duy trì cảm giác thoải mái, phóng khoáng, đồng thời khoe trọn vòng 2 thon gọn.</span></span></p>\r\n\r\n<p style=\"text-align:center\"><img alt=\"xinh xeo va thua mat me, day la 5 mon xung dang len ngoi dip an choi dai ngay nay - 8\" class=\"loaded news-image\" src=\"https://cdn.eva.vn/upload/2-2019/images/2019-04-28/vay-lien-h34njm-1556422036-944-width600height750.jpg\" style=\"border:0px; box-sizing:border-box; display:block; height:auto; margin:0px auto; max-width:660px; width:inherit\" /></p>\r\n\r\n<p style=\"text-align:center\"><span style=\"color:#0000CD\"><span style=\"font-size:14px\">Váy quấn phủ hoạ tiết hoa lá vốn cực hợp rơ với mùa hè nóng nực.</span></span></p>\r\n\r\n<p style=\"text-align:justify\"><span style=\"font-size:16px\"><strong>Váy hoa</strong></span></p>\r\n\r\n<p style=\"text-align:justify\"><span style=\"font-size:16px\">Cũng như váy quấn, váy hoa từ khi xuất hiện đã được coi là item chẳng một lần lỗi mốt bởi thiết kế điệu đà nhưng cũng rất thanh lịch, thời thượng. Những mẫu váy liền phủ hoạ tiết hoa nhí chẳng những không khiến người diện hoá quê mùa, kém sang như kiểu hoạ tiết hoa to bản, sặc sỡ mà hơn nữa, chúng còn trở thành điểm nhấn cho vẻ ngoài của các nàng trở nên nổi bật và cuốn hút hơn bao giờ hết. Và nếu để ý, các nàng sẽ dễ dàng nhận thấy rằng phần lớn các mẫu váy hoa đều được thiết kế với chi tiết nhấn eo siêu tinh tế. Bởi vậy, các nàng hãy cứ yên tâm là vóc dáng sẽ được tôn lên triệt để khi khoác trên mình món đồ&nbsp;thời trang&nbsp;này</span></p>\r\n\r\n<p style=\"text-align:center\"><img alt=\"xinh xeo va thua mat me, day la 5 mon xung dang len ngoi dip an choi dai ngay nay - 9\" class=\"loaded news-image\" src=\"https://cdn.eva.vn/upload/2-2019/images/2019-04-28/vay-lien-y233-1556422036-65-width600height751.jpg\" style=\"border:0px; box-sizing:border-box; display:block; height:auto; margin:0px auto; max-width:660px; width:inherit\" /></p>\r\n\r\n<p style=\"text-align:center\"><span style=\"color:#0000CD\"><span style=\"font-size:14px\">Những chiếc váy hoa lâu nay vẫn chứng minh quyền năng của chúng trong việc hô biến phong cách người diện trở nên nổi bật.</span></span></p>\r\n\r\n<p style=\"text-align:center\"><img alt=\"xinh xeo va thua mat me, day la 5 mon xung dang len ngoi dip an choi dai ngay nay - 10\" class=\"loaded news-image\" src=\"https://cdn.eva.vn/upload/2-2019/images/2019-04-28/vay-lien-7283h4-1556422035-849-width600height755.jpg\" style=\"border:0px; box-sizing:border-box; display:block; height:auto; margin:0px auto; max-width:660px; width:inherit\" /></p>\r\n\r\n<p style=\"text-align:center\"><span style=\"color:#0000CD\"><span style=\"font-size:14px\">Các nàng ưa thích phong cách tối giản có thể lựa chọn những mẫu váy hoa tối màu.</span></span></p>\r\n\r\n<p style=\"text-align:center\"><img alt=\"xinh xeo va thua mat me, day la 5 mon xung dang len ngoi dip an choi dai ngay nay - 11\" class=\"loaded news-image\" src=\"https://cdn.eva.vn/upload/2-2019/images/2019-04-28/vay-lien-13253432-1556422035-348-width600height751.jpg\" style=\"border:0px; box-sizing:border-box; display:block; height:auto; margin:0px auto; max-width:660px; width:inherit\" /></p>\r\n\r\n<p style=\"text-align:center\"><span style=\"color:#0000CD\"><span style=\"font-size:14px\">Chị em có thể nhấn nhá cho set đồ với váy hoa thêm phần hút mắt bằng việc diện thêm đôi&nbsp;khuyên tai độc đáo.</span></span></p>\r\n\r\n<p style=\"text-align:center\"><img alt=\"xinh xeo va thua mat me, day la 5 mon xung dang len ngoi dip an choi dai ngay nay - 12\" class=\"loaded news-image\" src=\"https://cdn.eva.vn/upload/2-2019/images/2019-04-28/vay-lien-yh32n42-1556422036-704-width600height675.jpg\" style=\"border:0px; box-sizing:border-box; display:block; height:auto; margin:0px auto; max-width:660px; width:inherit\" /></p>\r\n\r\n<p style=\"text-align:center\"><span style=\"color:#0000CD\"><span style=\"font-size:14px\">Váy phủ hoạ tiết hoa to bản nhưng thoáng mắt cũng là một gợi ý hay ho dành cho các nàng.</span></span></p>\r\n\r\n<p style=\"text-align:justify\"><span style=\"font-size:16px\"><strong>Váy trễ vai</strong></span></p>\r\n\r\n<p style=\"text-align:justify\"><span style=\"font-size:16px\">Điệu đà và quyến rũ hơn cả chính là những chiếc váy trễ vai. Trong đó, thiết kế trễ vai chính là điểm nhấn khiến mẫu váy này trở nên độc đáo và sành điệu hơn tất thảy những mẫu váy đã nói ở trên. Diện váy trễ vai, các nàng sẽ có cơ hội khoe trọn bờ vai trần siêu gợi cảm, khiến phong cách, vẻ ngoài của bản thân trở nên cuốn hút hơn bao giờ hết. Đồng thời, mẫu váy này được coi là cứu tinh của những nàng sở hữu phần thân dưới kém xinh bởi khả năng đánh lạc hướng mọi ánh nhìn, khiến mọi sự tập trung đổ dồn vào phần hở vai.&nbsp;Một mũi tên trúng hẳn hai đích, váy trễ vai chắc chắn sẽ không làm các nàng thất vọng đâu.</span></p>\r\n\r\n<p style=\"text-align:center\"><img alt=\"xinh xeo va thua mat me, day la 5 mon xung dang len ngoi dip an choi dai ngay nay - 13\" class=\"loaded news-image\" src=\"https://cdn.eva.vn/upload/2-2019/images/2019-04-28/vay-lien-82y74h-1556422035-712-width600height750.jpg\" style=\"border:0px; box-sizing:border-box; display:block; height:auto; margin:0px auto; max-width:660px; width:inherit\" /></p>\r\n\r\n<p style=\"text-align:center\"><span style=\"color:#0000CD\"><span style=\"font-size:14px\">Váy trễ vai giúp người diện khoe trọn bờ vai trần gợi cảm.</span></span></p>\r\n\r\n<p style=\"text-align:center\"><img alt=\"xinh xeo va thua mat me, day la 5 mon xung dang len ngoi dip an choi dai ngay nay - 14\" class=\"loaded news-image\" src=\"https://cdn.eva.vn/upload/2-2019/images/2019-04-28/vay-lien-3456532f-1556422035-191-width600height751.jpg\" style=\"border:0px; box-sizing:border-box; display:block; height:auto; margin:0px auto; max-width:660px; width:inherit\" /></p>\r\n\r\n<p style=\"text-align:center\"><span style=\"color:#0000CD\"><span style=\"font-size:14px\">Với điểm nhấn là phần vai trễ, các nàng có thể đánh lạc hướng mọi ánh nhìn, khiến người ta bỏ qua những nhược điểm còn lại ở vóc dáng.</span></span></p>\r\n\r\n<p style=\"text-align:center\"><img alt=\"xinh xeo va thua mat me, day la 5 mon xung dang len ngoi dip an choi dai ngay nay - 15\" class=\"loaded news-image\" src=\"https://cdn.eva.vn/upload/2-2019/images/2019-04-28/vay-lien-42344563-1556422035-809-width600height751.jpg\" style=\"border:0px; box-sizing:border-box; display:block; height:auto; margin:0px auto; max-width:660px; width:inherit\" /></p>\r\n\r\n<p style=\"text-align:center\"><span style=\"color:#0000CD\"><span style=\"font-size:14px\">Muốn một vẻ ngoài thanh lịch, chị em nên chọn những mẫu váy trễ vai trơn màu, ôm dáng vừa phải.</span></span></p>\r\n\r\n<p style=\"text-align:center\"><img alt=\"xinh xeo va thua mat me, day la 5 mon xung dang len ngoi dip an choi dai ngay nay - 16\" class=\"loaded news-image\" src=\"https://cdn.eva.vn/upload/2-2019/images/2019-04-28/vay-lien-65234-1556422484-959-width600height900.jpg\" style=\"border:0px; box-sizing:border-box; display:block; height:auto; margin:0px auto; max-width:660px; width:inherit\" /></p>\r\n\r\n<p style=\"text-align:center\"><span style=\"color:#0000CD\"><span style=\"font-size:14px\">Chuẩn hè hơn, các nàng có thể tìm tới váy trễ vai phủ hoạ tiết hoa lá cực&nbsp;mát mắt.</span></span></p>\r\n\r\n<p style=\"text-align:justify\"><span style=\"font-size:16px\"><strong>Váy nhấn eo</strong></span></p>\r\n\r\n<p style=\"text-align:justify\"><span style=\"font-size:16px\">Váy nhấn eo là item có khả năng “hack” dáng tuyệt vời hơn cả. Các nàng biết đấy, một chi tiết thắt eo nho nhỏ của mẫu váy này cũng đủ giúp diện mạo các nàng lên chân kính tới vài phần rồi. Thiết kế thắt eo giúp phân chia tỷ lệ, tạo sự cân đối và hài hoà cho vóc dáng, đồng thời đem tới hiệu ứng thu gọn vòng 2 cho nhỏ nhắn hơn. Diện lên mẫu váy này, ngay cả những nàng có thân hình hơi mũm mĩm một chút cũng sẽ ghi điểm tuyệt đối trong mắt người đối diện bởi đường cong cơ thể mềm mại, quyến rũ cùng những nét đầy thanh lịch và thời thượng ở phong cách.</span></p>\r\n\r\n<p style=\"text-align:center\"><img alt=\"xinh xeo va thua mat me, day la 5 mon xung dang len ngoi dip an choi dai ngay nay - 17\" class=\"loaded news-image\" src=\"https://cdn.eva.vn/upload/2-2019/images/2019-04-28/vay-lien-y3hu4j-1556422036-974-width600height755.jpg\" style=\"border:0px; box-sizing:border-box; display:block; height:auto; margin:0px auto; max-width:660px; width:inherit\" /></p>\r\n\r\n<p style=\"text-align:center\"><span style=\"color:#0000CD\"><span style=\"font-size:14px\">Váy nhấn eo đem tới tác dụng \"hack\" dáng siêu thần kỳ.</span></span></p>\r\n\r\n<p style=\"text-align:center\"><img alt=\"xinh xeo va thua mat me, day la 5 mon xung dang len ngoi dip an choi dai ngay nay - 18\" class=\"loaded news-image\" src=\"https://cdn.eva.vn/upload/2-2019/images/2019-04-28/vay-lien-2343-1556422035-338-width600height753.jpg\" style=\"border:0px; box-sizing:border-box; display:block; height:auto; margin:0px auto; max-width:660px; width:inherit\" /></p>\r\n\r\n<p style=\"text-align:center\"><span style=\"color:#0000CD\"><span style=\"font-size:14px\">Chi tiết nhấn eo dẫu nhỏ nhưng cũng dư sức tạo hiệu ứng thu gọn vòng 2, khiến vóc dáng trông cân đối và hài hoà hơn.</span></span></p>\r\n\r\n<p style=\"text-align:center\"><img alt=\"xinh xeo va thua mat me, day la 5 mon xung dang len ngoi dip an choi dai ngay nay - 19\" class=\"loaded news-image\" src=\"https://cdn.eva.vn/upload/2-2019/images/2019-04-28/vay-lien-243222-1556422035-995-width600height638.jpg\" style=\"border:0px; box-sizing:border-box; display:block; height:auto; margin:0px auto; max-width:660px; width:inherit\" /></p>\r\n\r\n<p style=\"text-align:center\"><span style=\"color:#0000CD\"><span style=\"font-size:14px\">Những mẫu váy nhấn eo phủ hoạ tiết chấm bi là gợi ý siêu hay ho dành cho các nàng.</span></span></p>\r\n\r\n<p style=\"text-align:center\"><img alt=\"xinh xeo va thua mat me, day la 5 mon xung dang len ngoi dip an choi dai ngay nay - 20\" class=\"loaded news-image\" src=\"https://cdn.eva.vn/upload/2-2019/images/2019-04-28/vay-lien-m2433-1556422036-418-width600height744.jpg\" style=\"border:0px; box-sizing:border-box; display:block; height:auto; margin:0px auto; max-width:660px; width:inherit\" /></p>\r\n\r\n<p style=\"text-align:center\"><span style=\"color:#0000CD\"><span style=\"font-size:14px\">Các nàng cũng có thể tìm tới các mẫu váy với phần nhấn eo bằng nơ thắt để tăng thêm sự nổi bật cho vẻ ngoài.</span></span></p>\r\n</div>\r\n', 'zU64_news5.jpg', '2019-05-13 11:50:26', '2019-05-14 05:11:33'),
(11, 'Mùa Sài Gòn \"gắt gỏng\" đổ nắng nóng, chị em tốt hơn cả nên diện mấy loại vải này', 'mua-sai-gon-gat-gong-do-nang-nong-chi-em-tot-hon-ca-nen-dien-may-loai-vai-nay', '<p><span style=\"font-size:18px\"><strong>Bằng cách lựa chọn những trang phục mang một trong ba chất liệu thoáng mát dưới đây, các cô gái sẽ khỏi lo rơi vào tình trạng nóng nực, bí bách trong những ngày nắng gắt.</strong></span></p>\r\n\r\n<p style=\"text-align:justify\"><span style=\"font-size:16px\">&nbsp; &nbsp; &nbsp;Trong những ngày nắng nóng, nhiều cô nàng thường có xu hướng tìm tới những trang phục càng ít vải càng tốt, điển hình như áo hai dây, quần short ngắn,... Rõ ràng, việc hạn chế để bề mặt vải tiếp xúc với da sẽ đem tới cảm giác dễ chịu, thoáng mát. Tuy nhiên, đâu phải lúc nào các nàng cũng có thể trưng dụng những món đồ mát mẻ thì có thừa mà chỉn chu thì về “mo” như thế đâu. Lúc này, tốt hơn cả chị em nên tìm tới những trang phục có chất liệu vải thoáng mát để đảm bảo khi diện lên không cảm thấy khó chịu, bí bách. Và dưới đây là 3 chất liệu vải mà chắc chắn chị em nên ưu tiên trưng dụng trong những ngày nóng đổ lửa này.</span></p>\r\n\r\n<p style=\"text-align:justify\"><span style=\"font-size:18px\"><strong>Vải linen (đũi thô)</strong></span></p>\r\n\r\n<p style=\"text-align:center\"><span style=\"font-size:16px\"><img alt=\"mua sai gon \" class=\"loaded news-image\" src=\"https://cdn.eva.vn/upload/2-2019/images/2019-04-26/mua-sai-gon-gat-gong-do-nang-nong-chi-em-tot-hon-ca-nen-dien-may-loai-vai-nay-dsa-1556258792-827-width800height598.jpg\" style=\"border:0px; box-sizing:border-box; display:block; height:auto; margin:0px auto; max-width:660px; width:inherit\" /></span></p>\r\n\r\n<p style=\"text-align:center\"><span style=\"color:#0000CD\"><span style=\"font-size:14px\">Chất vải đũi được làm từ sợi tự nhiên, đem tới cảm giác thoáng mát, dễ chịu nơi người diện.</span></span></p>\r\n\r\n<p style=\"text-align:justify\"><span style=\"font-size:16px\">&nbsp; &nbsp; &nbsp;Các nàng biết không, chất vải linen với vô vàn những ưu điểm tuyệt vời từ xưa đã được người Ai Cập cổ đại gọi với cái tên vô cùng mỹ miều “những tấm vải dệt từ ánh trăng”. Nghe đã thấy phải lòng rồi đúng không nào?</span></p>\r\n\r\n<p style=\"text-align:justify\"><span style=\"font-size:16px\">&nbsp; &nbsp; &nbsp;Chất vải linen mang theo nó khả năng “đối phó” cực đỉnh với nắng nóng mùa hè. Trong đó, trước tiên phải kể tới là cảm giác “có mặc mà như không” mà chất vải linen đem tới cho người diện. Nhẹ tênh và siêu dễ chịu, ấy chính là những gì người ta có thể cảm nhận khi diện những trang phục có chất liệu này. Cùng với đó, cũng như nhiều loại sợi tự nhiên khác, chất vải linen có khả năng thấm hút mồ hôi rất tốt, tạo sự thoáng mát cho set đồ trong những ngày thời tiết oi nóng.</span></p>\r\n\r\n<p style=\"text-align:justify\"><span style=\"font-size:16px\">&nbsp; &nbsp; &nbsp;Do vậy, các cô gái chắc chắn nên sắm thêm cho tủ đồ hè của mình đôi ba món đồ thời trang mang chất liệu linen. Đó có thể là một chiếc sơ mi thanh lịch, một chiếc váy liền xinh xẻo hay một chiếc quần ống rộng thời thượng,...</span></p>\r\n\r\n<p style=\"text-align:center\"><span style=\"font-size:16px\"><img alt=\"mua sai gon \" class=\"loaded news-image\" src=\"https://cdn.eva.vn/upload/2-2019/images/2019-04-26/mua-sai-gon-gat-gong-do-nang-nong-chi-em-tot-hon-ca-nen-dien-may-loai-vai-nay-10212-1556258792-173-width600height754.jpg\" style=\"border:0px; box-sizing:border-box; display:block; height:auto; margin:0px auto; max-width:660px; width:inherit\" /></span></p>\r\n\r\n<p style=\"text-align:center\"><span style=\"color:#0000CD\"><span style=\"font-size:14px\">Một chiếc quần dài chất liệu đũi không chỉ giúp bảo vệ phần nào làn da mà hơn nữa còn đem tới cảm giác nhẹ tênh nơi người diện.</span></span></p>\r\n\r\n<p style=\"text-align:center\"><span style=\"font-size:16px\"><img alt=\"mua sai gon \" class=\"loaded news-image\" src=\"https://cdn.eva.vn/upload/2-2019/images/2019-04-26/mua-sai-gon-gat-gong-do-nang-nong-chi-em-tot-hon-ca-nen-dien-may-loai-vai-nay-04102-1556258792-534-width600height754.jpg\" style=\"border:0px; box-sizing:border-box; display:block; height:auto; margin:0px auto; max-width:660px; width:inherit\" /></span></p>\r\n\r\n<p style=\"text-align:center\"><span style=\"color:#0000CD\"><span style=\"font-size:14px\">Các nàng điệu đà có thể sắm vài ba chiếc áo blouse chất đũi.</span></span></p>\r\n\r\n<p style=\"text-align:center\"><span style=\"font-size:16px\"><img alt=\"mua sai gon \" class=\"loaded news-image\" src=\"https://cdn.eva.vn/upload/2-2019/images/2019-04-26/mua-sai-gon-gat-gong-do-nang-nong-chi-em-tot-hon-ca-nen-dien-may-loai-vai-nay-01520-1556258792-129-width600height754.jpg\" style=\"border:0px; box-sizing:border-box; display:block; height:auto; margin:0px auto; max-width:660px; width:inherit\" /></span></p>\r\n\r\n<p style=\"text-align:center\"><span style=\"color:#0000CD\"><span style=\"font-size:14px\">Còn gì mát mẻ hơn việc diện lên những item chất đũi có thiết kế rộng rãi.</span></span></p>\r\n\r\n<p style=\"text-align:center\"><span style=\"font-size:16px\"><img alt=\"mua sai gon \" class=\"loaded news-image\" src=\"https://cdn.eva.vn/upload/2-2019/images/2019-04-26/mua-sai-gon-gat-gong-do-nang-nong-chi-em-tot-hon-ca-nen-dien-may-loai-vai-nay-32423-1556258792-312-width600height753.jpg\" style=\"border:0px; box-sizing:border-box; display:block; height:auto; margin:0px auto; max-width:660px; width:inherit\" /></span></p>\r\n\r\n<p style=\"text-align:center\"><span style=\"color:#0000CD\"><span style=\"font-size:14px\">Váy liền chất đũi là item siêu phù hợp để diện trong những ngày nắng nóng.</span></span></p>\r\n\r\n<p style=\"text-align:center\"><span style=\"font-size:16px\"><img alt=\"mua sai gon \" class=\"loaded news-image\" src=\"https://cdn.eva.vn/upload/2-2019/images/2019-04-26/mua-sai-gon-gat-gong-do-nang-nong-chi-em-tot-hon-ca-nen-dien-may-loai-vai-nay-054102-1556258792-148-width600height754.jpg\" style=\"border:0px; box-sizing:border-box; display:block; height:auto; margin:0px auto; max-width:660px; width:inherit\" /></span></p>\r\n\r\n<p style=\"text-align:center\"><span style=\"color:#0000CD\"><span style=\"font-size:14px\">Vừa thanh lịch và vừa mát mẻ, đó là khi các nàng tìm tới những set đồ với áo khoác blazer chất đũi.</span></span></p>\r\n\r\n<p style=\"text-align:justify\"><span style=\"font-size:18px\"><strong>Vải lụa</strong></span></p>\r\n\r\n<p style=\"text-align:justify\">&nbsp;</p>\r\n\r\n<p style=\"text-align:center\"><span style=\"font-size:16px\"><img alt=\"mua sai gon \" class=\"loaded news-image\" src=\"https://cdn.eva.vn/upload/2-2019/images/2019-04-26/mua-sai-gon-gat-gong-do-nang-nong-chi-em-tot-hon-ca-nen-dien-may-loai-vai-nay-mua-he-mac-vai-gi-lua-1556258792-860-width600height600.jpg\" style=\"border:0px; box-sizing:border-box; display:block; height:auto; margin:0px auto; max-width:660px; width:inherit\" /></span></p>\r\n\r\n<p style=\"text-align:center\"><span style=\"color:#0000CD\"><span style=\"font-size:14px\">Vải lụa được dệt từ sợi tơ tằm siêu mềm mại và thoáng mát là chất liệu vải rất phù hợp để diện trong mùa hè nóng nực.</span></span></p>\r\n\r\n<p style=\"text-align:justify\"><span style=\"font-size:16px\">&nbsp; &nbsp; &nbsp;Không còn xa lạ gì với các cô gái, chất vải lụa vốn đã được cha ông ta làm ra từ tận ngàn đời xưa. Ngay từ cái nhìn đầu tiên, chất vải này đem đến cho người ta một suy nghĩ duy nhất: Sang trọng. Chất lụa bóng nhẹ tạo hiệu ứng bắt sáng cực hút mắt, đem tới cho trang phục nét sang trọng mà cũng cực tinh tế. Chính bởi vậy, tại các nước phương Tây, lụa được coi là một trong những loại vải cao cấp nhất.</span></p>\r\n\r\n<p style=\"text-align:justify\"><span style=\"font-size:16px\">&nbsp; &nbsp; &nbsp;Và không chỉ đáp ứng tiêu chí về thẩm mỹ, chất vải lụa còn đem tới cho người diện cảm giác thoải mái đến khó tả, đặc biệt là trong mùa hè nắng nóng. Lụa được làm từ sợi tơ tằm, có khả năng thấm hút mồ hôi rất tốt. Cùng với đó, chất lụa vốn mềm mại, mỏng nhẹ và đặc biệt thoáng mát, thế nên loại vải này thường được sử dụng để làm ra những món đồ thời trang cho mùa hè, điển hình như những chiếc áo hai dây, váy slipdress hay áo sơ mi,...</span></p>\r\n\r\n<p style=\"text-align:center\"><span style=\"font-size:16px\"><img alt=\"mua sai gon \" class=\"loaded news-image\" src=\"https://cdn.eva.vn/upload/2-2019/images/2019-04-26/mua-sai-gon-gat-gong-do-nang-nong-chi-em-tot-hon-ca-nen-dien-may-loai-vai-nay-345-1556258792-493-width600height753.jpg\" style=\"border:0px; box-sizing:border-box; display:block; height:auto; margin:0px auto; max-width:660px; width:inherit\" /></span></p>\r\n\r\n<p style=\"text-align:center\"><span style=\"color:#0000CD\"><span style=\"font-size:14px\">Những chiếc slipdress siêu mát mẻ và phóng khoáng đem tới vẻ ngoài sành điệu và thời thượng cho các nàng.</span></span></p>\r\n\r\n<p style=\"text-align:center\"><span style=\"font-size:16px\"><img alt=\"mua sai gon \" class=\"loaded news-image\" src=\"https://cdn.eva.vn/upload/2-2019/images/2019-04-26/mua-sai-gon-gat-gong-do-nang-nong-chi-em-tot-hon-ca-nen-dien-may-loai-vai-nay-01350-1556258792-426-width600height753.jpg\" style=\"border:0px; box-sizing:border-box; display:block; height:auto; margin:0px auto; max-width:660px; width:inherit\" /></span></p>\r\n\r\n<p style=\"text-align:center\"><span style=\"color:#0000CD\"><span style=\"font-size:14px\">Các nàng ưa thích phong cách nổi bật có thể tìm tới những món đồ chất lụa mang gam rực rỡ.</span></span></p>\r\n\r\n<p style=\"text-align:center\"><span style=\"font-size:16px\"><img alt=\"mua sai gon \" class=\"loaded news-image\" src=\"https://cdn.eva.vn/upload/2-2019/images/2019-04-26/mua-sai-gon-gat-gong-do-nang-nong-chi-em-tot-hon-ca-nen-dien-may-loai-vai-nay-021204-1556258792-187-width600height753.jpg\" style=\"border:0px; box-sizing:border-box; display:block; height:auto; margin:0px auto; max-width:660px; width:inherit\" /></span></p>\r\n\r\n<p style=\"text-align:center\"><span style=\"color:#0000CD\"><span style=\"font-size:14px\">Một chiếc quần dài ống rộng chất lụa đem tới vẻ mềm mại và thanh thoát cho tổng thể set đồ.</span></span></p>\r\n\r\n<p style=\"text-align:center\"><span style=\"font-size:16px\"><img alt=\"mua sai gon \" class=\"loaded news-image\" src=\"https://cdn.eva.vn/upload/2-2019/images/2019-04-26/mua-sai-gon-gat-gong-do-nang-nong-chi-em-tot-hon-ca-nen-dien-may-loai-vai-nay-015204584-1556258792-343-width600height754.jpg\" style=\"border:0px; box-sizing:border-box; display:block; height:auto; margin:0px auto; max-width:660px; width:inherit\" /></span></p>\r\n\r\n<p style=\"text-align:center\"><span style=\"color:#0000CD\"><span style=\"font-size:14px\">Các nàng nghĩ sao về việc sắm liền tay một chiếc váy&nbsp;liền chất lụa phủ hoạ tiết.</span></span></p>\r\n\r\n<p style=\"text-align:center\"><span style=\"font-size:16px\"><img alt=\"mua sai gon \" class=\"loaded news-image\" src=\"https://cdn.eva.vn/upload/2-2019/images/2019-04-26/mua-sai-gon-gat-gong-do-nang-nong-chi-em-tot-hon-ca-nen-dien-may-loai-vai-nay-qe-1556258792-567-width600height644.jpg\" style=\"border:0px; box-sizing:border-box; display:block; height:auto; margin:0px auto; max-width:660px; width:inherit\" /></span></p>\r\n\r\n<p style=\"text-align:center\"><span style=\"color:#0000CD\"><span style=\"font-size:14px\">Các nàng cũng có thể diện lên những mẫu chân váy lụa sang chảnh và tinh tế để nâng tầm phong cách.</span></span></p>\r\n\r\n<p style=\"text-align:justify\"><span style=\"font-size:18px\"><strong>Vải cotton</strong></span></p>\r\n\r\n<p style=\"text-align:justify\">&nbsp;</p>\r\n\r\n<p style=\"text-align:center\"><span style=\"font-size:16px\"><img alt=\"mua sai gon \" class=\"loaded news-image\" src=\"https://cdn.eva.vn/upload/2-2019/images/2019-04-26/mua-sai-gon-gat-gong-do-nang-nong-chi-em-tot-hon-ca-nen-dien-may-loai-vai-nay-p1010064-1556258792-413-width600height450.jpg\" style=\"border:0px; box-sizing:border-box; display:block; height:auto; margin:0px auto; max-width:660px; width:inherit\" /></span></p>\r\n\r\n<p style=\"text-align:center\"><span style=\"color:#0000CD\"><span style=\"font-size:14px\">Vải cotton là chất liệu vải đã quá quen thuộc bởi giá thành vừa phải cùng khả năng đem lại cảm giác thoáng mát cho người mặc.</span></span></p>\r\n\r\n<p style=\"text-align:justify\"><span style=\"font-size:16px\">&nbsp; &nbsp; &nbsp;Không cần nói nhiều thì có lẽ nàng nào cũng đã tường tận về chất liệu vải cotton rồi. Đúng thế, bởi lẽ cotton là loại vải đã quá phổ biến trong việc may mặc các trang phục mùa hè bởi giá thành phù hợp với túi tiền của nhiều người. Được dệt từ những nguyên liệu thiên nhiên, trong đó phần lớn là bông, chất liệu cotton có khả năng thấm hút ẩm, thấm mồ hôi cao. Do đó, nó luôn đem lại cảm giác thoáng mát, thoải mái cho người mặc.</span></p>\r\n\r\n<p style=\"text-align:justify\"><span style=\"font-size:16px\">&nbsp; &nbsp; &nbsp;Đặc biệt trong những ngày hè nắng nóng, các trang phục chất cotton chính là lựa chọn siêu hoàn hảo dành cho các cô gái. Như đã nói, vì cotton là loại vải rất phổ biến, thế nên việc tìm kiếm và bổ sung cho tủ đồ hè những trang phục có chất liệu này thực sự không hề khó khăn, hay có thể nói là quá dễ dàng đối với các nàng rồi phải không nào?</span></p>\r\n\r\n<p style=\"text-align:center\"><span style=\"font-size:16px\"><img alt=\"mua sai gon \" class=\"loaded news-image\" src=\"https://cdn.eva.vn/upload/2-2019/images/2019-04-26/mua-sai-gon-gat-gong-do-nang-nong-chi-em-tot-hon-ca-nen-dien-may-loai-vai-nay-781-1556258792-937-width600height753.jpg\" style=\"border:0px; box-sizing:border-box; display:block; height:auto; margin:0px auto; max-width:660px; width:inherit\" /></span></p>\r\n\r\n<p style=\"text-align:center\"><span style=\"color:#0000CD\"><span style=\"font-size:14px\">Vào mùa nóng, việc diện những set đồ cotton đem tới cho người diện cảm giác thoải mái.</span></span></p>\r\n\r\n<p style=\"text-align:center\"><span style=\"font-size:16px\"><img alt=\"mua sai gon \" class=\"loaded news-image\" src=\"https://cdn.eva.vn/upload/2-2019/images/2019-04-26/mua-sai-gon-gat-gong-do-nang-nong-chi-em-tot-hon-ca-nen-dien-may-loai-vai-nay-02120-1556258792-255-width600height753.jpg\" style=\"border:0px; box-sizing:border-box; display:block; height:auto; margin:0px auto; max-width:660px; width:inherit\" /></span></p>\r\n\r\n<p style=\"text-align:center\"><span style=\"color:#0000CD\"><span style=\"font-size:14px\">Những chiếc áo phông cotton là lựa chọn hoàn hảo dành cho các nàng mỗi mùa hè về.</span></span></p>\r\n\r\n<p style=\"text-align:center\"><span style=\"font-size:16px\"><img alt=\"mua sai gon \" class=\"loaded news-image\" src=\"https://cdn.eva.vn/upload/2-2019/images/2019-04-26/mua-sai-gon-gat-gong-do-nang-nong-chi-em-tot-hon-ca-nen-dien-may-loai-vai-nay-04510-1556258792-255-width600height754.jpg\" style=\"border:0px; box-sizing:border-box; display:block; height:auto; margin:0px auto; max-width:660px; width:inherit\" /></span></p>\r\n\r\n<p style=\"text-align:center\"><span style=\"color:#0000CD\"><span style=\"font-size:14px\">Áo phông cotton phủ hoạ tiết đem tới vẻ trẻ trung, năng động cho set đồ.</span></span></p>\r\n\r\n<p style=\"text-align:center\"><span style=\"font-size:16px\"><img alt=\"mua sai gon \" class=\"loaded news-image\" src=\"https://cdn.eva.vn/upload/2-2019/images/2019-04-26/mua-sai-gon-gat-gong-do-nang-nong-chi-em-tot-hon-ca-nen-dien-may-loai-vai-nay-015204754-1556258792-347-width600height753.jpg\" style=\"border:0px; box-sizing:border-box; display:block; height:auto; margin:0px auto; max-width:660px; width:inherit\" /></span></p>\r\n\r\n<p style=\"text-align:center\"><span style=\"color:#0000CD\"><span style=\"font-size:14px\">Các nàng điệu đà hơn có thể tìm tới các mẫu áo blouse chất cotton.</span></span></p>\r\n\r\n<p style=\"text-align:center\"><span style=\"font-size:16px\"><img alt=\"mua sai gon \" class=\"loaded news-image\" src=\"https://cdn.eva.vn/upload/2-2019/images/2019-04-26/mua-sai-gon-gat-gong-do-nang-nong-chi-em-tot-hon-ca-nen-dien-may-loai-vai-nay-035102-1556258792-217-width600height754.jpg\" style=\"border:0px; box-sizing:border-box; display:block; height:auto; margin:0px auto; max-width:660px; width:inherit\" /></span></p>\r\n\r\n<p style=\"text-align:center\"><span style=\"color:#0000CD\"><span style=\"font-size:14px\">Diện váy liền chất cotton, chị em cứ tha hồ mà tung tăng xuống phố.</span></span></p>\r\n', 'EMXN_news7.jpg', '2019-05-13 11:53:04', '2019-05-14 05:21:52');

-- --------------------------------------------------------

--
-- Cấu trúc bảng cho bảng `tbl_products`
--

CREATE TABLE `tbl_products` (
  `product_id` int(11) NOT NULL COMMENT 'id sản phẩm',
  `product_name` varchar(100) DEFAULT NULL COMMENT 'tên sản phẩm',
  `product_alias` varchar(100) DEFAULT NULL COMMENT 'tên không dấu',
  `product_type_id` int(11) DEFAULT NULL COMMENT 'id loại sản phẩm',
  `product_description` text COMMENT 'miêu tả sản phẩm',
  `product_unit_price` float DEFAULT NULL COMMENT 'giá cả sản phẩm',
  `product_promotion_price` float DEFAULT NULL COMMENT 'giá ưu đãi',
  `product_image` varchar(255) DEFAULT NULL COMMENT 'hình ảnh sản phẩm',
  `product_unit` varchar(255) DEFAULT NULL COMMENT 'đơn vị',
  `product_new` int(11) DEFAULT NULL COMMENT 'sản phẩm mới',
  `product_size` varchar(100) DEFAULT NULL COMMENT 'kích thước sản phẩm',
  `product_color` varchar(255) DEFAULT NULL,
  `product_quantity` int(11) DEFAULT NULL COMMENT 'Số lượng sản phẩm',
  `created_at` timestamp NULL DEFAULT NULL COMMENT 'thời gian tạo',
  `updated_at` timestamp NULL DEFAULT NULL COMMENT 'thời gian sửa'
) ENGINE=InnoDB DEFAULT CHARSET=utf8;

--
-- Đang đổ dữ liệu cho bảng `tbl_products`
--

INSERT INTO `tbl_products` (`product_id`, `product_name`, `product_alias`, `product_type_id`, `product_description`, `product_unit_price`, `product_promotion_price`, `product_image`, `product_unit`, `product_new`, `product_size`, `product_color`, `product_quantity`, `created_at`, `updated_at`) VALUES
(1, 'SM LƯỚI TRẮNG HOA PK', 'sm-luoi-trang-hoa-pk', 1, '<p>SM LƯỚI TRẮNG HOA PK</p>\r\n', 798000, 349000, 'Mvrx_sm-luoi-trang-hoa.jpg', 'chiếc', 1, 'S,M,L', 'Hồng,Xanh,Tím,Trắng', 10, '2018-07-09 03:59:18', '2019-05-26 02:59:17'),
(2, 'ÁO LEN TÍM THAN STICKER', 'ao-len-tim-than-sticker', 1, '<p>ÁO LEN TÍM THAN STICKER</p>\r\n\r\n<h1><img src=\"https://elise.vn/images/products/2018/12/07/medium/AJ2I2944.jpg\" /></h1>\r\n\r\n<p><img src=\"https://elise.vn/images/products/2018/12/07/medium/AJ2I2968.jpg\" /></p>\r\n\r\n<p><img src=\"https://elise.vn/images/products/2018/12/07/medium/AJ2I3006.jpg\" /></p>\r\n', 698000, 299000, 'atVN_ao-len-tim-than-sticker.jpg', 'chiếc', 1, 'XS,S,M', 'Xanh đen,Nâu,Trắng,Đỏ', 6, '2018-07-10 05:24:15', '2019-05-24 13:19:35'),
(3, 'Áo len tay in chữ cá tính - C2387', 'ao-len-tay-in-chu-ca-tinh-c2387', 1, '<p style=\"text-align:center\"><a href=\"https://www.thoitrangtichtac.com/thoi-trang-nu/ao-nu/ao-len-nu/22387-ao-len-tay-in-chu-ca-tinh-c2387-.html\" style=\"text-decoration-line: none; color: rgb(49, 49, 49); font-size: 20px; font-weight: 700;\">Áo len tay in chữ cá tính - C2387</a></p>\r\n\r\n<div class=\"thongso\" style=\"width: 881.594px; float: left; font-size: 14px; padding: 5px 0px; color: rgb(34, 34, 34); font-family: Tahoma;\"><strong>Màu sắc:&nbsp;</strong>Xanh rêu</div>\r\n\r\n<div class=\"thongso\" style=\"width: 881.594px; float: left; font-size: 14px; padding: 5px 0px; color: rgb(34, 34, 34); font-family: Tahoma;\"><strong>Chất liệu:&nbsp;</strong>len dệt kim - dày, co giãn tốt</div>\r\n\r\n<div class=\"thongso\" style=\"width: 881.594px; float: left; font-size: 14px; padding: 5px 0px; color: rgb(34, 34, 34); font-family: Tahoma;\"><strong>Xuất xứ:&nbsp;</strong>Quảng Châu</div>\r\n\r\n<div class=\"thongso\" style=\"width: 881.594px; float: left; font-size: 14px; padding: 5px 0px; color: rgb(34, 34, 34); font-family: Tahoma;\"><strong>Kích thước: Freesize </strong>\r\n\r\n<div class=\"thongso_chitiet\" style=\"padding: 5px 0px 0px 44.0781px; width: 837.5px; float: left; line-height: 20px;\">&nbsp;&nbsp;<strong>Size Freesize:</strong>&nbsp;45-60kg (len dày dặn co giãn tốt)<br />\r\n&nbsp;</div>\r\n</div>\r\n\r\n<div style=\"color: rgb(34, 34, 34); font-family: Tahoma; font-size: 12px;\">\r\n<p style=\"text-align:center\"><img alt=\"Ao len tay in chu ca tinh c2387 2\" src=\"https://www.thoitrangtichtac.com/productimgs/C/c2x/c23/c2387/Ao_len_tay_in_chu_ca_tinh_c2387_2.jpg\" style=\"border:none; height:auto; max-width:740px; width:700px\" /></p>\r\n\r\n<p style=\"text-align:center\">&nbsp;</p>\r\n\r\n<p style=\"text-align:center\"><img alt=\"Ao len tay in chu ca tinh c2387 3\" src=\"https://www.thoitrangtichtac.com/productimgs/C/c2x/c23/c2387/Ao_len_tay_in_chu_ca_tinh_c2387_3.jpg\" style=\"border:none; height:auto; max-width:740px; width:700px\" /></p>\r\n</div>\r\n', 350000, 285000, '9QFE_Ao_len_tay_in_chu_ca_tinh_.jpg', 'chiếc', 0, 'Freesize', 'Xanh rêu,Hồng,Trắng', 9, '2018-07-10 16:16:05', '2019-05-26 02:59:07'),
(4, 'Áo len thu đông form dài họa tiết sọc đứng - C2151', 'ao-len-thu-dong-form-dai-hoa-tiet-soc-dung-c2151', 1, '<p style=\"text-align:center\"><a href=\"https://www.thoitrangtichtac.com/thoi-trang-nu/ao-nu/ao-len-nu/22151-ao-len-thu-dong-form-dai-hoa-tiet-soc-dung-c2151-.html\" style=\"text-decoration-line: none; color: rgb(49, 49, 49); font-size: 20px; font-weight: 700;\">Áo len thu đông form dài họa tiết sọc đứng - C2151</a></p>\r\n\r\n<div class=\"thongso\" style=\"width: 881.594px; float: left; font-size: 14px; padding: 5px 0px; color: rgb(34, 34, 34); font-family: Tahoma;\"><strong>Màu sắc:&nbsp;</strong>Đỏ đô (Hạt dẻ, Maroon)</div>\r\n\r\n<div class=\"thongso\" style=\"width: 881.594px; float: left; font-size: 14px; padding: 5px 0px; color: rgb(34, 34, 34); font-family: Tahoma;\"><strong>Chất liệu:&nbsp;</strong>len dệt kim - dày, co giãn tốt</div>\r\n\r\n<div class=\"thongso\" style=\"width: 881.594px; float: left; font-size: 14px; padding: 5px 0px; color: rgb(34, 34, 34); font-family: Tahoma;\"><strong>Xuất xứ:&nbsp;</strong>Quảng Châu</div>\r\n\r\n<div class=\"thongso\" style=\"width: 881.594px; float: left; font-size: 14px; padding: 5px 0px; color: rgb(34, 34, 34); font-family: Tahoma;\"><strong>Kích thước: Freesize </strong>\r\n\r\n<div class=\"thongso_chitiet\" style=\"padding: 5px 0px 0px 44.0781px; width: 837.5px; float: left; line-height: 20px;\">&nbsp;&nbsp;<strong>Size Freesize:</strong>&nbsp;Dài áo 80, 45-55kg (len dày dặn co giãn tốt)<br />\r\n&nbsp;</div>\r\n</div>\r\n\r\n<div style=\"color: rgb(34, 34, 34); font-family: Tahoma; font-size: 12px;\">\r\n<p style=\"text-align:center\"><img alt=\"Ao len thu dong form dai hoa tiet soc dung c2151 1\" src=\"https://www.thoitrangtichtac.com/productimgs/C/c2x/c21/c2151/Ao_len_thu_dong_form_dai_hoa_tiet_soc_dung_c2151_1.jpg\" style=\"border:none; height:auto; max-width:740px; width:750px\" /></p>\r\n\r\n<p style=\"text-align:center\">&nbsp;</p>\r\n\r\n<p style=\"text-align:center\"><img alt=\"Ao len thu dong form dai hoa tiet soc dung c2151 2\" src=\"https://www.thoitrangtichtac.com/productimgs/C/c2x/c21/c2151/Ao_len_thu_dong_form_dai_hoa_tiet_soc_dung_c2151_2.jpg\" style=\"border:none; height:auto; max-width:740px; width:750px\" /></p>\r\n\r\n<p style=\"text-align:center\">&nbsp;</p>\r\n\r\n<p style=\"text-align:center\"><img alt=\"Ao len thu dong form dai hoa tiet soc dung c2151\" src=\"https://www.thoitrangtichtac.com/productimgs/C/c2x/c21/c2151/Ao_len_thu_dong_form_dai_hoa_tiet_soc_dung_c2151.jpg\" style=\"border:none; height:auto; max-width:740px; width:750px\" /></p>\r\n</div>\r\n', 340000, 255000, 'BwT8_Ao_len_thu_dong_form_dai_hoa_tiet_soc_dung.jpg', 'chiếc', 0, 'Freesize', 'Đỏ, Xanh,Cam,Trắng,Hồng', 4, '2018-07-10 16:22:11', '2019-05-24 13:20:28'),
(5, 'Áo len form dài họa tiết hình thoi - B9988', 'ao-len-form-dai-hoa-tiet-hinh-thoi-b9988', 1, '<h1 style=\"text-align:center\"><a href=\"https://www.thoitrangtichtac.com/thoi-trang-nu/ao-nu/ao-len-nu/19988-ao-len-form-dai-hoa-tiet-hinh-thoi-b9988-.html\" style=\"text-decoration-line: none; color: rgb(49, 49, 49); font-size: 20px; font-weight: 700;\">Áo len form dài họa tiết hình thoi - B9988</a></h1>\r\n\r\n<div class=\"thongso\" style=\"width: 881.594px; float: left; font-size: 14px; padding: 5px 0px; color: rgb(34, 34, 34); font-family: Tahoma;\"><strong>Màu sắc:&nbsp;</strong>Đen</div>\r\n\r\n<div class=\"thongso\" style=\"width: 881.594px; float: left; font-size: 14px; padding: 5px 0px; color: rgb(34, 34, 34); font-family: Tahoma;\"><strong>Chất liệu:&nbsp;</strong>Len dệt kim, dày vừa, mềm mịn, co giãn tốt</div>\r\n\r\n<div class=\"thongso\" style=\"width: 881.594px; float: left; font-size: 14px; padding: 5px 0px; color: rgb(34, 34, 34); font-family: Tahoma;\"><strong>Xuất xứ:&nbsp;</strong>Quảng Châu</div>\r\n\r\n<div class=\"thongso\" style=\"width: 881.594px; float: left; font-size: 14px; padding: 5px 0px; color: rgb(34, 34, 34); font-family: Tahoma;\"><strong>Kích thước: Freesize </strong>\r\n\r\n<div class=\"thongso_chitiet\" style=\"padding: 5px 0px 0px 44.0781px; width: 837.5px; float: left; line-height: 20px;\">&nbsp;&nbsp;<strong>Size Freesize:</strong>&nbsp;Vai 37, dài tay 55, dài áo 67, 45-55kg (len dày dặn - co giãn tốt)<br />\r\n&nbsp;</div>\r\n</div>\r\n\r\n<div style=\"color: rgb(34, 34, 34); font-family: Tahoma; font-size: 12px;\">\r\n<p style=\"text-align:center\"><img alt=\"Ao len tay dai theu hoa tiet long vu b9988-1\" src=\"https://www.thoitrangtichtac.com/productimgs/B/B9x/B99/B9988/Ao_len_tay_dai_theu_hoa_tiet_long_vu_b9988-1.jpg\" style=\"border:none; height:auto; max-width:740px; width:800px\" /></p>\r\n\r\n<p style=\"text-align:center\"><img alt=\"Ao len tay dai theu hoa tiet long vu b9988-2\" src=\"https://www.thoitrangtichtac.com/productimgs/B/B9x/B99/B9988/Ao_len_tay_dai_theu_hoa_tiet_long_vu_b9988-2.jpg\" style=\"border:none; height:auto; max-width:740px; width:800px\" /></p>\r\n</div>\r\n', 320000, 235000, 'Onef_Ao_len_tay_dai_theu_hoa_tiet_long_vu.jpg', 'chiếc', 1, 'Freesize', 'Xám,Đen,Xanh rêu', 18, '2018-07-10 16:26:55', '2019-05-25 15:24:15'),
(6, 'Áo sơ mi chấm bi cổ nơ tay phối bèo - C2327', 'ao-so-mi-cham-bi-co-no-tay-phoi-beo-c2327', 1, '<p style=\"text-align:center\"><a href=\"https://www.thoitrangtichtac.com/thoi-trang-nu/ao-nu/ao-so-mi-nu/22327-ao-so-mi-cham-bi-co-no-tay-phoi-beo-c2327.html\" style=\"text-decoration-line: none; color: rgb(49, 49, 49); font-size: 20px; font-weight: 700;\">Áo sơ mi chấm bi cổ nơ tay phối bèo - C2327</a></p>\r\n\r\n<div class=\"thongso\" style=\"width: 881.594px; float: left; font-size: 14px; padding: 5px 0px; color: rgb(34, 34, 34); font-family: Tahoma;\"><strong>Màu sắc:&nbsp;</strong>Đen</div>\r\n\r\n<div class=\"thongso\" style=\"width: 881.594px; float: left; font-size: 14px; padding: 5px 0px; color: rgb(34, 34, 34); font-family: Tahoma;\"><strong>Chất liệu:&nbsp;</strong>lụa</div>\r\n\r\n<div class=\"thongso\" style=\"width: 881.594px; float: left; font-size: 14px; padding: 5px 0px; color: rgb(34, 34, 34); font-family: Tahoma;\"><strong>Xuất xứ:&nbsp;</strong>Việt Nam</div>\r\n\r\n<div class=\"thongso\" style=\"width: 881.594px; float: left; font-size: 14px; padding: 5px 0px; color: rgb(34, 34, 34); font-family: Tahoma;\"><strong>Kích thước: M/L </strong>\r\n\r\n<div class=\"thongso_chitiet\" style=\"padding: 5px 0px 0px 44.0781px; width: 837.5px; float: left; line-height: 20px;\">&nbsp;&nbsp;<strong>Size M:</strong>&nbsp;Dài áo 58cm, dài tay 56, Ngực &lt;90cm<br />\r\n<br />\r\n&nbsp;&nbsp;<strong>Size L:</strong>&nbsp;Dài áo 58cm, dài tay 56, Ngực &lt;94cm<br />\r\n&nbsp;</div>\r\n</div>\r\n\r\n<div style=\"color: rgb(34, 34, 34); font-family: Tahoma; font-size: 12px;\">\r\n<p style=\"text-align:center\"><img alt=\"Ao so mi cham bi co no tay phoi beo c2327 2\" src=\"https://www.thoitrangtichtac.com/productimgs/C/c2x/c23/c2327/Ao_so_mi_cham_bi_co_no_tay_phoi_beo_c2327_2.jpg\" style=\"border:none; height:auto; max-width:740px; width:700px\" /></p>\r\n\r\n<p style=\"text-align:center\">&nbsp;</p>\r\n\r\n<p style=\"text-align:center\"><img alt=\"Ao so mi cham bi co no tay phoi beo c2327 3\" src=\"https://www.thoitrangtichtac.com/productimgs/C/c2x/c23/c2327/Ao_so_mi_cham_bi_co_no_tay_phoi_beo_c2327_3.jpg\" style=\"border:none; height:auto; max-width:740px; width:700px\" /></p>\r\n</div>\r\n', 240000, 185000, '5O3l_Ao_so_mi_cham_bi_co_no_tay_phoi_beo.jpg', 'chiếc', 0, 'M,L', 'Đen, Trắng,Xanh,Lam', 100, '2018-07-10 17:39:57', '2019-05-24 13:21:54'),
(8, 'Áo sơ mi khoét vai kẻ sọc - C2541', 'ao-so-mi-khoet-vai-ke-soc-c2541', 1, '<p style=\"text-align:center\"><a href=\"https://www.thoitrangtichtac.com/thoi-trang-nu/ao-nu/ao-so-mi-nu/22541-ao-so-mi-khoet-vai-ke-soc-c2541.html\" style=\"text-decoration-line: none; color: rgb(49, 49, 49); font-size: 20px; font-weight: 700;\">Áo sơ mi khoét vai kẻ sọc - C2541</a></p>\r\n\r\n<div class=\"thongso\" style=\"width: 881.594px; float: left; font-size: 14px; padding: 5px 0px; color: rgb(34, 34, 34); font-family: Tahoma;\"><strong>Màu sắc:&nbsp;</strong>Trắng</div>\r\n\r\n<div class=\"thongso\" style=\"width: 881.594px; float: left; font-size: 14px; padding: 5px 0px; color: rgb(34, 34, 34); font-family: Tahoma;\"><strong>Chất liệu:&nbsp;</strong>cát xốp</div>\r\n\r\n<div class=\"thongso\" style=\"width: 881.594px; float: left; font-size: 14px; padding: 5px 0px; color: rgb(34, 34, 34); font-family: Tahoma;\"><strong>Xuất xứ:&nbsp;</strong>Việt Nam</div>\r\n\r\n<div class=\"thongso\" style=\"width: 881.594px; float: left; font-size: 14px; padding: 5px 0px; color: rgb(34, 34, 34); font-family: Tahoma;\"><strong>Kích thước: M/L/XL </strong>\r\n\r\n<div class=\"thongso_chitiet\" style=\"padding: 5px 0px 0px 44.0781px; width: 837.5px; float: left; line-height: 20px;\">&nbsp;&nbsp;<strong>Size M:</strong>&nbsp;Dài áo 59, Ngực &lt;92cm<br />\r\n<br />\r\n&nbsp;&nbsp;<strong>Size L:</strong>&nbsp;Dài áo 58, Ngực &lt;96cm<br />\r\n<br />\r\n&nbsp;&nbsp;<strong>Size XL:</strong>&nbsp;Dài áo 58, Ngực &lt;100cm<br />\r\n&nbsp;</div>\r\n</div>\r\n\r\n<div style=\"color: rgb(34, 34, 34); font-family: Tahoma; font-size: 12px;\">\r\n<p style=\"text-align:center\"><img alt=\"Ao so mi khoet vai ke soc c2541 2\" src=\"https://www.thoitrangtichtac.com/productimgs/C/c2x/c25/c2541/Ao_so_mi_khoet_vai_ke_soc_c2541_2.jpg\" style=\"border:none; height:auto; max-width:740px; width:502px\" /></p>\r\n\r\n<p style=\"text-align:center\">&nbsp;</p>\r\n\r\n<p style=\"text-align:center\"><img alt=\"Ao so mi khoet vai ke soc c2541 3\" src=\"https://www.thoitrangtichtac.com/productimgs/C/c2x/c25/c2541/Ao_so_mi_khoet_vai_ke_soc_c2541_3.jpg\" style=\"border:none; height:auto; max-width:740px; width:600px\" /></p>\r\n</div>\r\n', 200000, 155000, 'gIur_Ao_so_mi_khoet_vai_ke_soc.jpg', 'chiếc', 0, 'M,L,XL', 'Trắng', 78, '2018-07-11 04:31:40', '2019-05-24 13:22:30'),
(9, 'Áo sơ mi tay rộng ấn tượng - C2337', 'ao-so-mi-tay-rong-an-tuong-c2337', 1, '<p style=\"text-align:center\"><a href=\"https://www.thoitrangtichtac.com/thoi-trang-nu/ao-nu/ao-so-mi-nu/22337-ao-so-mi-tay-rong-an-tuong-c2337.html\" style=\"text-decoration-line: none; color: rgb(49, 49, 49); font-size: 20px; font-weight: 700;\">Áo sơ mi tay rộng ấn tượng - C2337</a></p>\r\n\r\n<div class=\"thongso\" style=\"width: 881.594px; float: left; font-size: 14px; padding: 5px 0px; color: rgb(34, 34, 34); font-family: Tahoma;\"><strong>Màu sắc:&nbsp;</strong>Trắng</div>\r\n\r\n<div class=\"thongso\" style=\"width: 881.594px; float: left; font-size: 14px; padding: 5px 0px; color: rgb(34, 34, 34); font-family: Tahoma;\"><strong>Chất liệu:&nbsp;</strong>tơ gân</div>\r\n\r\n<div class=\"thongso\" style=\"width: 881.594px; float: left; font-size: 14px; padding: 5px 0px; color: rgb(34, 34, 34); font-family: Tahoma;\"><strong>Xuất xứ:&nbsp;</strong>Việt Nam</div>\r\n\r\n<div class=\"thongso\" style=\"width: 881.594px; float: left; font-size: 14px; padding: 5px 0px; color: rgb(34, 34, 34); font-family: Tahoma;\"><strong>Kích thước: M/L </strong>\r\n\r\n<div class=\"thongso_chitiet\" style=\"padding: 5px 0px 0px 44.0781px; width: 837.5px; float: left; line-height: 20px;\">&nbsp;&nbsp;<strong>Size M:</strong>&nbsp;Dài áo 59, Ngực &lt;92cm<br />\r\n<br />\r\n&nbsp;&nbsp;<strong>Size L:</strong>&nbsp;Dài áo 58, Ngực &lt;96cm<br />\r\n&nbsp;</div>\r\n</div>\r\n\r\n<div style=\"color: rgb(34, 34, 34); font-family: Tahoma; font-size: 12px;\">\r\n<p style=\"text-align:center\"><img alt=\"Ao so mi tay rong an tuong c2337 2\" src=\"https://www.thoitrangtichtac.com/productimgs/C/c2x/c23/c2337/Ao_so_mi_tay_rong_an_tuong_c2337_2.jpg\" style=\"border:none; height:auto; max-width:740px; width:566px\" /></p>\r\n\r\n<p style=\"text-align:center\">&nbsp;</p>\r\n\r\n<p style=\"text-align:center\">&nbsp;</p>\r\n\r\n<p style=\"text-align:center\">&nbsp;</p>\r\n\r\n<p style=\"text-align:center\"><img alt=\"Ao so mi tay rong an tuong c2337 1\" src=\"https://www.thoitrangtichtac.com/productimgs/C/c2x/c23/c2337/Ao_so_mi_tay_rong_an_tuong_c2337_1.jpg\" style=\"border:none; height:auto; max-width:740px; width:566px\" /></p>\r\n</div>\r\n', 200000, 180000, 'NWSz_Ao_so_mi_tay_rong_an_tuong.jpg', 'chiếc', 0, 'M,L', 'Đỏ', 0, '2018-07-11 04:32:23', '2019-05-24 13:23:16'),
(10, 'Áo thun nữ in hình ngộ nghĩnh - C2055', 'ao-thun-nu-in-hinh-ngo-nghinh-c2055', 1, '<p style=\"text-align:center\"><a href=\"https://www.thoitrangtichtac.com/thoi-trang-nu/ao-nu/ao-thun-nu/22055-ao-thun-nu-in-hinh-ngo-nghinh-c2055.html\" style=\"text-decoration-line: none; color: rgb(49, 49, 49); font-size: 20px; font-weight: 700;\">Áo thun nữ in hình ngộ nghĩnh - C2055</a></p>\r\n\r\n<div class=\"thongso\" style=\"width: 881.594px; float: left; font-size: 14px; padding: 5px 0px; color: rgb(34, 34, 34); font-family: Tahoma;\"><strong>Màu sắc:&nbsp;</strong>Trắng</div>\r\n\r\n<div class=\"thongso\" style=\"width: 881.594px; float: left; font-size: 14px; padding: 5px 0px; color: rgb(34, 34, 34); font-family: Tahoma;\"><strong>Chất liệu:&nbsp;</strong>Thun cotton 4 chiều.</div>\r\n\r\n<div class=\"thongso\" style=\"width: 881.594px; float: left; font-size: 14px; padding: 5px 0px; color: rgb(34, 34, 34); font-family: Tahoma;\"><strong>Xuất xứ:&nbsp;</strong>Việt Nam</div>\r\n\r\n<div class=\"thongso\" style=\"width: 881.594px; float: left; font-size: 14px; padding: 5px 0px; color: rgb(34, 34, 34); font-family: Tahoma;\"><strong>Kích thước: XS/S/M/L/XL/XXL/XXXL </strong>\r\n\r\n<div class=\"thongso_chitiet\" style=\"padding: 5px 0px 0px 44.0781px; width: 837.5px; float: left; line-height: 20px;\">&nbsp;&nbsp;<strong>Size XS:</strong>&nbsp;Vai 34, Dài tay 13, Dài áo 51, Ngực 80. Phù hợp nam ~45kg, nữ ~40kg (tùy chiều cao)<br />\r\n<br />\r\n&nbsp;&nbsp;<strong>Size S:</strong>&nbsp;Vai 37, Dài tay 14, Dài áo 55, Ngực 83, Phù hợp nam ~52kg, nữ ~46kg (tùy chiều cao)<br />\r\n<br />\r\n&nbsp;&nbsp;<strong>Size M:</strong>&nbsp;Vai 40, Dài tay 15, Dài áo 61, Ngực 91. Phù hợp nam ~59kg, nữ ~52kg (tùy chiều cao)<br />\r\n<br />\r\n&nbsp;&nbsp;<strong>Size L:</strong>&nbsp;Vai 43, Dài tay 16, Dài áo 65, Ngực 96. Phù hợp nam ~66kg, nữ ~58kg (tùy chiều cao)<br />\r\n<br />\r\n&nbsp;&nbsp;<strong>Size XL:</strong>&nbsp;Vai 46, Dài tay 17, Dài áo 70, Ngực 101. Phù hợp nam ~73kg, nữ ~65kg (tùy chiều cao)<br />\r\n<br />\r\n&nbsp;&nbsp;<strong>Size XXL:</strong>&nbsp;Vai 49, Dài tay 18, Dài áo 75, Ngực 106. Phù hợp nam ~82kg, nữ ~75kg (tùy chiều cao)<br />\r\n<br />\r\n&nbsp;&nbsp;<strong>Size XXXL:</strong>&nbsp;Vai 50cm, Dài tay 18, Dài áo 77cm, Ngực 110cm, Phù hợp nam ~88kg, nữ ~78kg (tùy chiều cao)<br />\r\n&nbsp;</div>\r\n</div>\r\n\r\n<div style=\"color: rgb(34, 34, 34); font-family: Tahoma; font-size: 12px;\">\r\n<p style=\"text-align:center\"><img alt=\"Ao thun nu in hinh ngo nghinh c2055\" src=\"https://www.thoitrangtichtac.com/productimgs/C/c2x/c20/c2055/Ao_thun_nu_in_hinh_ngo_nghinh_c2055.jpg\" style=\"border:none; height:auto; max-width:740px; width:694px\" /></p>\r\n</div>\r\n', 129000, 79000, 'a9BQ_Ao_thun_nu_in_hinh_ngo_nghinh.jpg', 'chiếc', 0, 'XS,S,M,L,XL', NULL, 72, '2018-07-11 04:33:09', '2019-05-18 08:30:04'),
(11, 'Áo kiểu rớt vai phối dây ren - C1642', 'ao-kieu-rot-vai-phoi-day-ren-c1642', 1, '<p style=\"text-align:center\"><a href=\"https://www.thoitrangtichtac.com/thoi-trang-nu/ao-nu/ao-so-mi-nu/21642-ao-kieu-rot-vai-phoi-day-ren-c1642.html\" style=\"text-decoration-line: none; color: rgb(49, 49, 49); font-size: 20px; font-weight: 700;\">Áo kiểu rớt vai phối dây ren - C1642</a></p>\r\n\r\n<div class=\"thongso\" style=\"width: 881.594px; float: left; font-size: 14px; padding: 5px 0px; color: rgb(34, 34, 34); font-family: Tahoma;\"><strong>Màu sắc:&nbsp;</strong>Vàng</div>\r\n\r\n<div class=\"thongso\" style=\"width: 881.594px; float: left; font-size: 14px; padding: 5px 0px; color: rgb(34, 34, 34); font-family: Tahoma;\"><strong>Chất liệu:&nbsp;</strong>sọc hàn, phối ren</div>\r\n\r\n<div class=\"thongso\" style=\"width: 881.594px; float: left; font-size: 14px; padding: 5px 0px; color: rgb(34, 34, 34); font-family: Tahoma;\"><strong>Xuất xứ:&nbsp;</strong>Việt Nam</div>\r\n\r\n<div class=\"thongso\" style=\"width: 881.594px; float: left; font-size: 14px; padding: 5px 0px; color: rgb(34, 34, 34); font-family: Tahoma;\"><strong>Kích thước: M/L </strong>\r\n\r\n<div class=\"thongso_chitiet\" style=\"padding: 5px 0px 0px 44.0781px; width: 837.5px; float: left; line-height: 20px;\">&nbsp;&nbsp;<strong>Size M:</strong>&nbsp;Dài áo 56, Ngực &lt;88cm<br />\r\n<br />\r\n&nbsp;&nbsp;<strong>Size L:</strong>&nbsp;Dài áo 56, Ngực &lt;92cm<br />\r\n&nbsp;</div>\r\n</div>\r\n\r\n<div style=\"color: rgb(34, 34, 34); font-family: Tahoma; font-size: 12px;\">\r\n<p style=\"text-align:center\"><img alt=\"Ao kieu rot vai phoi day ren c1642 2\" src=\"https://www.thoitrangtichtac.com/productimgs/C/C1x/c16/c1642/Ao_kieu_rot_vai_phoi_day_ren_c1642_2.jpg\" style=\"border:none; height:auto; max-width:740px; width:700px\" /></p>\r\n\r\n<p style=\"text-align:center\">&nbsp;</p>\r\n\r\n<p style=\"text-align:center\"><img alt=\"Ao kieu rot vai phoi day ren c1642 3\" src=\"https://www.thoitrangtichtac.com/productimgs/C/C1x/c16/c1642/Ao_kieu_rot_vai_phoi_day_ren_c1642_3.jpg\" style=\"border:none; height:auto; max-width:740px; width:700px\" /></p>\r\n</div>\r\n', 230000, 175000, 'lOBP_Ao_kieu_rot_vai_phoi_day_ren.jpg', 'chiếc', 1, 'M,L', NULL, 3, '2018-07-12 08:13:16', '2019-05-18 08:30:18'),
(12, 'Áo khoác kaki đính logo ở ngực- C0359', 'ao-khoac-kaki-dinh-logo-o-nguc-c0359', 2, '<p style=\"text-align:center\"><a href=\"https://www.thoitrangtichtac.com/thoi-trang-nu/ao-khoac-nu/ao-khoac-thoi-trang/20359-ao-khoac-kaki-dinh-logo-o-nguc-c0359.html\" style=\"text-decoration-line: none; color: rgb(49, 49, 49); font-size: 20px; font-weight: 700;\">Áo khoác kaki đính logo ở ngực- C0359</a></p>\r\n\r\n<div class=\"thongso\" style=\"width: 881.594px; float: left; font-size: 14px; padding: 5px 0px; color: rgb(34, 34, 34); font-family: Tahoma;\"><strong>Màu sắc:&nbsp;</strong>Đen</div>\r\n\r\n<div class=\"thongso\" style=\"width: 881.594px; float: left; font-size: 14px; padding: 5px 0px; color: rgb(34, 34, 34); font-family: Tahoma;\"><strong>Chất liệu:&nbsp;</strong>kaki, có lót</div>\r\n\r\n<div class=\"thongso\" style=\"width: 881.594px; float: left; font-size: 14px; padding: 5px 0px; color: rgb(34, 34, 34); font-family: Tahoma;\"><strong>Xuất xứ:&nbsp;</strong>Việt Nam</div>\r\n\r\n<div class=\"thongso\" style=\"width: 881.594px; float: left; font-size: 14px; padding: 5px 0px; color: rgb(34, 34, 34); font-family: Tahoma;\"><strong>Kích thước: M/L </strong>\r\n\r\n<div class=\"thongso_chitiet\" style=\"padding: 5px 0px 0px 44.0781px; width: 837.5px; float: left; line-height: 20px;\">&nbsp;&nbsp;<strong>Size M:</strong>&nbsp;Dưới 53kg<br />\r\n<br />\r\n&nbsp;&nbsp;<strong>Size L:</strong>&nbsp;Dưới 68kg<br />\r\n&nbsp;</div>\r\n</div>\r\n\r\n<div style=\"color: rgb(34, 34, 34); font-family: Tahoma; font-size: 12px;\">\r\n<p style=\"text-align:center\"><img alt=\"  Ao khoac cap kaki dinh logo c0359\" src=\"https://www.thoitrangtichtac.com/productimgs/C/C0x/C03/C0359/__Ao_khoac_cap_kaki_dinh_logo_c0359.jpg\" style=\"border:none; height:auto; max-width:740px; width:959px\" /></p>\r\n</div>\r\n', 220000, 99000, 'kfiB_Ao_khoac_cap_kaki_dinh_logo.jpg', 'chiếc', 0, 'M,L', NULL, 7, '2018-07-23 14:01:46', '2019-05-18 08:30:39'),
(13, 'Áo khoác len họa tiết siêu cute - C2620', 'ao-khoac-len-hoa-tiet-sieu-cute-c2620', 2, '<h1 style=\"text-align:center\"><a href=\"https://www.thoitrangtichtac.com/thoi-trang-nu/ao-khoac-nu/ao-khoac-thoi-trang/22620-ao-khoac-len-hoa-tiet-sieu-cute-c2620-.html\" style=\"text-decoration-line: none; color: rgb(49, 49, 49); font-size: 20px; font-weight: 700;\">Áo khoác len họa tiết siêu cute - C2620</a></h1>\r\n\r\n<div class=\"thongso\" style=\"width: 881.594px; float: left; font-size: 14px; padding: 5px 0px; color: rgb(34, 34, 34); font-family: Tahoma;\"><strong>Màu sắc:&nbsp;</strong>Đen</div>\r\n\r\n<div class=\"thongso\" style=\"width: 881.594px; float: left; font-size: 14px; padding: 5px 0px; color: rgb(34, 34, 34); font-family: Tahoma;\"><strong>Chất liệu:&nbsp;</strong>len dệt kim - dày, co giãn tốt</div>\r\n\r\n<div class=\"thongso\" style=\"width: 881.594px; float: left; font-size: 14px; padding: 5px 0px; color: rgb(34, 34, 34); font-family: Tahoma;\"><strong>Xuất xứ:&nbsp;</strong>Quảng Châu</div>\r\n\r\n<div class=\"thongso\" style=\"width: 881.594px; float: left; font-size: 14px; padding: 5px 0px; color: rgb(34, 34, 34); font-family: Tahoma;\"><strong>Kích thước: Freesize </strong>\r\n\r\n<div class=\"thongso_chitiet\" style=\"padding: 5px 0px 0px 44.0781px; width: 837.5px; float: left; line-height: 20px;\">&nbsp;&nbsp;<strong>Size Freesize:</strong>&nbsp;45-60kg (len dày dặn co giãn tốt)<br />\r\n&nbsp;</div>\r\n</div>\r\n\r\n<div style=\"color: rgb(34, 34, 34); font-family: Tahoma; font-size: 12px;\">\r\n<p style=\"text-align:center\"><img alt=\"Ao khoac len hoa tiet sieu cute c2620 2\" src=\"https://www.thoitrangtichtac.com/productimgs/C/c2x/c26/c2620/Ao_khoac_len_hoa_tiet_sieu_cute_c2620_2.jpg\" style=\"border:none; height:auto; max-width:740px; width:500px\" /></p>\r\n\r\n<p style=\"text-align:center\">&nbsp;</p>\r\n\r\n<p style=\"text-align:center\"><img alt=\"Ao khoac len hoa tiet sieu cute c2620 3\" src=\"https://www.thoitrangtichtac.com/productimgs/C/c2x/c26/c2620/Ao_khoac_len_hoa_tiet_sieu_cute_c2620_3.jpg\" style=\"border:none; height:auto; max-width:740px; width:500px\" /></p>\r\n</div>\r\n', 320000, 270000, 'ztRT_ao khoac len.jpg', 'chiếc', 1, 'Freesize', NULL, 6, '2018-07-23 14:05:00', '2019-05-18 08:30:58'),
(14, 'Áo khoác len họa tiết siêu cute - C2619', 'ao-khoac-len-hoa-tiet-sieu-cute-c2619', 2, '<p style=\"text-align:center\"><a href=\"https://www.thoitrangtichtac.com/thoi-trang-nu/ao-khoac-nu/ao-khoac-thoi-trang/22619-ao-khoac-len-hoa-tiet-sieu-cute-c2619-.html\" style=\"text-decoration-line: none; color: rgb(49, 49, 49); font-size: 20px; font-weight: 700;\">Áo khoác len họa tiết siêu cute - C2619</a></p>\r\n\r\n<div class=\"thongso\" style=\"width: 881.594px; float: left; font-size: 14px; padding: 5px 0px; color: rgb(34, 34, 34); font-family: Tahoma;\"><strong>Màu sắc:&nbsp;</strong>Đỏ đô (Hạt dẻ, Maroon)</div>\r\n\r\n<div class=\"thongso\" style=\"width: 881.594px; float: left; font-size: 14px; padding: 5px 0px; color: rgb(34, 34, 34); font-family: Tahoma;\"><strong>Chất liệu:&nbsp;</strong>len dệt kim - dày, co giãn tốt</div>\r\n\r\n<div class=\"thongso\" style=\"width: 881.594px; float: left; font-size: 14px; padding: 5px 0px; color: rgb(34, 34, 34); font-family: Tahoma;\"><strong>Xuất xứ:&nbsp;</strong>Quảng Châu</div>\r\n\r\n<div class=\"thongso\" style=\"width: 881.594px; float: left; font-size: 14px; padding: 5px 0px; color: rgb(34, 34, 34); font-family: Tahoma;\"><strong>Kích thước: Freesize </strong>\r\n\r\n<div class=\"thongso_chitiet\" style=\"padding: 5px 0px 0px 44.0781px; width: 837.5px; float: left; line-height: 20px;\">&nbsp;&nbsp;<strong>Size Freesize:</strong>&nbsp;45-60kg (len dày dặn co giãn tốt)<br />\r\n&nbsp;</div>\r\n</div>\r\n\r\n<div style=\"color: rgb(34, 34, 34); font-family: Tahoma; font-size: 12px;\">\r\n<p style=\"text-align:center\"><img alt=\"Ao khoac len hoa tiet sieu cute c2619 2\" src=\"https://www.thoitrangtichtac.com/productimgs/C/c2x/c26/c2619/Ao_khoac_len_hoa_tiet_sieu_cute_c2619_2.jpg\" style=\"border:none; height:auto; max-width:740px; width:552px\" /></p>\r\n\r\n<p style=\"text-align:center\">&nbsp;</p>\r\n\r\n<p style=\"text-align:center\"><img alt=\"Ao khoac len hoa tiet sieu cute c2619 3\" src=\"https://www.thoitrangtichtac.com/productimgs/C/c2x/c26/c2619/Ao_khoac_len_hoa_tiet_sieu_cute_c2619_3.jpg\" style=\"border:none; height:auto; max-width:740px; width:552px\" /></p>\r\n</div>\r\n', 320000, 270000, 'n9l7_Ao_khoac_len_hoa_tiet_sieu_cute.jpg', 'chiếc', 1, 'Freesize', NULL, 0, '2018-07-23 14:08:48', '2019-05-18 08:20:49'),
(15, 'Áo len thu đông cổ lọ phối caro lớn - C2625', 'ao-len-thu-dong-co-lo-phoi-caro-lon-c2625', 1, '<p style=\"text-align:center\"><a href=\"https://www.thoitrangtichtac.com/thoi-trang-nu/ao-nu/ao-len-nu/22625-ao-len-thu-dong-co-lo-phoi-caro-lon-c2625-.html\" style=\"text-decoration-line: none; color: rgb(49, 49, 49); font-size: 20px; font-weight: 700;\">Áo len thu đông cổ lọ phối caro lớn - C2625</a></p>\r\n\r\n<div class=\"thongso\" style=\"width: 881.594px; float: left; font-size: 14px; padding: 5px 0px; color: rgb(34, 34, 34); font-family: Tahoma;\"><strong>Màu sắc:&nbsp;</strong>Xám</div>\r\n\r\n<div class=\"thongso\" style=\"width: 881.594px; float: left; font-size: 14px; padding: 5px 0px; color: rgb(34, 34, 34); font-family: Tahoma;\"><strong>Chất liệu:&nbsp;</strong>len dệt kim - dày, co giãn tốt</div>\r\n\r\n<div class=\"thongso\" style=\"width: 881.594px; float: left; font-size: 14px; padding: 5px 0px; color: rgb(34, 34, 34); font-family: Tahoma;\"><strong>Xuất xứ:&nbsp;</strong>Quảng Châu</div>\r\n\r\n<div class=\"thongso\" style=\"width: 881.594px; float: left; font-size: 14px; padding: 5px 0px; color: rgb(34, 34, 34); font-family: Tahoma;\"><strong>Kích thước: Freesize </strong>\r\n\r\n<div class=\"thongso_chitiet\" style=\"padding: 5px 0px 0px 44.0781px; width: 837.5px; float: left; line-height: 20px;\">&nbsp;&nbsp;<strong>Size Freesize:</strong>&nbsp;Dài 63, ngang ngực 47x2 (chưa tính độ co giãn) 47- 62kg (len dày dặn co giãn tốt)<br />\r\n&nbsp;</div>\r\n</div>\r\n\r\n<div style=\"color: rgb(34, 34, 34); font-family: Tahoma; font-size: 12px;\">\r\n<p style=\"text-align:center\"><img alt=\"Ao len thu dong co lo phoi caro lon c2625 2\" src=\"https://www.thoitrangtichtac.com/productimgs/C/c2x/c26/c2625/Ao_len_thu_dong_co_lo_phoi_caro_lon_c2625_2.jpg\" style=\"border:none; height:auto; max-width:740px; width:700px\" /></p>\r\n\r\n<p style=\"text-align:center\">&nbsp;</p>\r\n\r\n<p style=\"text-align:center\"><img alt=\"Ao len thu dong co lo phoi caro lon c2625 3\" src=\"https://www.thoitrangtichtac.com/productimgs/C/c2x/c26/c2625/Ao_len_thu_dong_co_lo_phoi_caro_lon_c2625_3.jpg\" style=\"border:none; height:auto; max-width:740px; width:700px\" /></p>\r\n\r\n<p style=\"text-align:center\">&nbsp;</p>\r\n\r\n<p style=\"text-align:center\"><img alt=\"Ao len thu dong co lo phoi caro lon c2625 4\" src=\"https://www.thoitrangtichtac.com/productimgs/C/c2x/c26/c2625/Ao_len_thu_dong_co_lo_phoi_caro_lon_c2625_4.jpg\" style=\"border:none; height:auto; max-width:740px; width:700px\" /></p>\r\n</div>\r\n', 320000, 285000, '57QP_ao len.jpg', 'chiếc', 1, 'Freesize', NULL, 0, '2018-07-23 14:17:36', '2019-05-18 08:19:27'),
(16, 'Túi xách công sở kèm phụ kiện - C2347', 'tui-xach-cong-so-kem-phu-kien-c2347', 6, '<h1 style=\"text-align:center\"><a href=\"https://www.thoitrangtichtac.com/thoi-trang-nu/balo-tui-xach-nu/22347-tui-xach-cong-so-kem-phu-kien-c2347.html\" style=\"text-decoration-line: none; color: rgb(49, 49, 49); font-size: 20px; font-weight: 700;\">Túi xách công sở kèm phụ kiện - C2347</a></h1>\r\n\r\n<div class=\"thongso\" style=\"width: 881.594px; float: left; font-size: 14px; padding: 5px 0px; color: rgb(34, 34, 34); font-family: Tahoma;\"><strong>Màu sắc:&nbsp;</strong>Kem</div>\r\n\r\n<div class=\"thongso\" style=\"width: 881.594px; float: left; font-size: 14px; padding: 5px 0px; color: rgb(34, 34, 34); font-family: Tahoma;\"><strong>Chất liệu:&nbsp;</strong>da, lót nhung đỏ, kèm dây đeo dài</div>\r\n\r\n<div class=\"thongso\" style=\"width: 881.594px; float: left; font-size: 14px; padding: 5px 0px; color: rgb(34, 34, 34); font-family: Tahoma;\"><strong>Xuất xứ:&nbsp;</strong>Việt Nam</div>\r\n\r\n<div class=\"thongso\" style=\"width: 881.594px; float: left; font-size: 14px; padding: 5px 0px; color: rgb(34, 34, 34); font-family: Tahoma;\"><strong>Kích thước: One Size </strong>\r\n\r\n<div class=\"thongso_chitiet\" style=\"padding: 5px 0px 0px 44.0781px; width: 837.5px; float: left; line-height: 20px;\">&nbsp;&nbsp;<strong>Size One Size:</strong>&nbsp;1 ngăn lớn, dài 22cm<br />\r\n&nbsp;</div>\r\n</div>\r\n\r\n<div style=\"color: rgb(34, 34, 34); font-family: Tahoma; font-size: 12px;\">\r\n<p style=\"text-align:center\"><img alt=\"Tui xach cong so kem phu kien c2347 2\" src=\"https://www.thoitrangtichtac.com/productimgs/C/c2x/c23/c2347/Tui_xach_cong_so_kem_phu_kien_c2347_2.jpg\" style=\"border:none; height:auto; max-width:740px; width:700px\" /></p>\r\n\r\n<p style=\"text-align:center\"><img alt=\"Tui xach cong so kem phu kien c2347 3\" src=\"https://www.thoitrangtichtac.com/productimgs/C/c2x/c23/c2347/Tui_xach_cong_so_kem_phu_kien_c2347_3.jpg\" style=\"border:none; height:auto; max-width:740px; width:700px\" /></p>\r\n\r\n<p style=\"text-align:center\">&nbsp;</p>\r\n\r\n<p style=\"text-align:center\"><img alt=\"Tui xach cong so kem phu kien c2347 4\" src=\"https://www.thoitrangtichtac.com/productimgs/C/c2x/c23/c2347/Tui_xach_cong_so_kem_phu_kien_c2347_4.jpg\" style=\"border:none; height:auto; max-width:740px; width:700px\" /></p>\r\n\r\n<p style=\"text-align:center\">&nbsp;</p>\r\n\r\n<p style=\"text-align:center\"><img alt=\"Tui xach cong so kem phu kien c2347 5\" src=\"https://www.thoitrangtichtac.com/productimgs/C/c2x/c23/c2347/Tui_xach_cong_so_kem_phu_kien_c2347_5.jpg\" style=\"border:none; height:auto; max-width:740px; width:700px\" /></p>\r\n</div>\r\n', 280000, 149000, 'wJ0c_Tui_xach_cong_so_kem_phu_kien.jpg', 'chiếc', 0, 'Onesize', NULL, 32, '2018-07-23 14:22:19', '2019-05-18 08:37:08'),
(17, 'Ví kiêm túi xách 2 trong 1 - C1905', 'vi-kiem-tui-xach-2-trong-1-c1905', 6, '<h1 style=\"text-align:center\"><a href=\"https://www.thoitrangtichtac.com/thoi-trang-nu/balo-tui-xach-nu/21905-vi-kiem-tui-xach-2-trong-1-c1905.html\" style=\"text-decoration-line: none; color: rgb(49, 49, 49); font-size: 20px; font-weight: 700;\">Ví kiêm túi xách 2 trong 1 - C1905</a></h1>\r\n\r\n<div class=\"thongso\" style=\"width: 881.594px; float: left; font-size: 14px; padding: 5px 0px; color: rgb(34, 34, 34); font-family: Tahoma;\"><strong>Màu sắc:&nbsp;</strong>Đen</div>\r\n\r\n<div class=\"thongso\" style=\"width: 881.594px; float: left; font-size: 14px; padding: 5px 0px; color: rgb(34, 34, 34); font-family: Tahoma;\"><strong>Chất liệu:&nbsp;</strong>da mềm, kèm dây đeo dài</div>\r\n\r\n<div class=\"thongso\" style=\"width: 881.594px; float: left; font-size: 14px; padding: 5px 0px; color: rgb(34, 34, 34); font-family: Tahoma;\"><strong>Xuất xứ:&nbsp;</strong>Quảng Châu</div>\r\n\r\n<div class=\"thongso\" style=\"width: 881.594px; float: left; font-size: 14px; padding: 5px 0px; color: rgb(34, 34, 34); font-family: Tahoma;\"><strong>Kích thước: One Size </strong>\r\n\r\n<div class=\"thongso_chitiet\" style=\"padding: 5px 0px 0px 44.0781px; width: 837.5px; float: left; line-height: 20px;\">&nbsp;&nbsp;<strong>Size One Size:</strong>&nbsp;2 ngăn lớn - 2 đáy y hình, dài 26, cao 14cm&nbsp;<br />\r\n&nbsp;</div>\r\n</div>\r\n\r\n<div style=\"color: rgb(34, 34, 34); font-family: Tahoma; font-size: 12px;\">\r\n<p style=\"text-align:center\"><img alt=\"Vi kiem tui xach 2 trong 1 c1905 2\" src=\"https://www.thoitrangtichtac.com/productimgs/C/C1x/c19/c1905/Vi_kiem_tui_xach_2_trong_1_c1905_2.jpg\" style=\"border:none; height:auto; max-width:740px; width:700px\" /></p>\r\n\r\n<p style=\"text-align:center\">&nbsp;</p>\r\n\r\n<p style=\"text-align:center\">&nbsp;</p>\r\n\r\n<p style=\"text-align:center\"><img alt=\"Vi kiem tui xach 2 trong 1 c1905 3\" src=\"https://www.thoitrangtichtac.com/productimgs/C/C1x/c19/c1905/Vi_kiem_tui_xach_2_trong_1_c1905_3.jpg\" style=\"border:none; height:auto; max-width:740px; width:700px\" /></p>\r\n\r\n<p style=\"text-align:center\">&nbsp;</p>\r\n\r\n<p style=\"text-align:center\"><img alt=\"tui-xach-kiem-vi-2-trong-1\" src=\"https://www.thoitrangtichtac.com/productimgs/C/C1x/c19/c1905/tui-xach-kiem-vi-2-trong-1.jpg\" style=\"border:none; height:auto; max-width:740px; width:700px\" /></p>\r\n</div>\r\n', 200000, 120000, 'k9YX_vi 1.jpg', 'cái', 1, 'Onesize', NULL, 55, '2018-12-22 09:41:53', '2019-05-18 08:37:28'),
(18, 'Chân váy xòe dài bản eo cao - C1130', 'chan-vay-xoe-dai-ban-eo-cao-c1130', 3, '<div class=\"thongso\" style=\"width: 881.594px; float: left; font-size: 14px; padding: 5px 0px; color: rgb(34, 34, 34); font-family: Tahoma; text-align: center;\"><a href=\"https://www.thoitrangtichtac.com/thoi-trang-nu/chan-vay/21130-chan-vay-xoe-dai-ban-eo-cao-c1130.html\" style=\"text-decoration-line: none; color: rgb(49, 49, 49); font-size: 20px; font-weight: 700;\">Chân váy xòe dài bản eo cao - C1130</a></div>\r\n\r\n<div class=\"thongso\" style=\"width: 881.594px; float: left; font-size: 14px; padding: 5px 0px; color: rgb(34, 34, 34); font-family: Tahoma; text-align: justify;\"><strong>Màu sắc:&nbsp;</strong>Xanh lam (Blue)</div>\r\n\r\n<div class=\"thongso\" style=\"width: 881.594px; float: left; font-size: 14px; padding: 5px 0px; color: rgb(34, 34, 34); font-family: Tahoma; text-align: justify;\"><strong>Chất liệu:&nbsp;</strong>vitex, mịn, ít nhăn, co giãn nhẹ</div>\r\n\r\n<div class=\"thongso\" style=\"width: 881.594px; float: left; font-size: 14px; padding: 5px 0px; color: rgb(34, 34, 34); font-family: Tahoma; text-align: justify;\"><strong>Xuất xứ:&nbsp;</strong>Việt Nam</div>\r\n\r\n<div class=\"thongso\" style=\"width: 881.594px; float: left; font-size: 14px; padding: 5px 0px; color: rgb(34, 34, 34); font-family: Tahoma;\">\r\n<p style=\"text-align:justify\"><strong>Kích thước: XS/S/M/L/XL/XXL </strong></p>\r\n\r\n<div class=\"thongso_chitiet\" style=\"padding: 5px 0px 0px 44.0781px; width: 837.5px; float: left; line-height: 20px; text-align: justify;\">&nbsp;&nbsp;<strong>Size XS:</strong>&nbsp;Dài 56, eo &lt;66cm<br />\r\n<br />\r\n&nbsp;&nbsp;<strong>Size S:</strong>&nbsp;Dài 56, eo &lt;70cm<br />\r\n<br />\r\n&nbsp;&nbsp;<strong>Size M:</strong>&nbsp;Dài 56, eo &lt;74cm<br />\r\n<br />\r\n&nbsp;&nbsp;<strong>Size L:</strong>&nbsp;Dài 56, eo &lt;78cm<br />\r\n<br />\r\n&nbsp;&nbsp;<strong>Size XL:</strong>&nbsp;Dài 56, eo &lt;82cm<br />\r\n<br />\r\n&nbsp;&nbsp;<strong>Size XXL:</strong>&nbsp;Dài 56, eo &lt;88cm<br />\r\n&nbsp;</div>\r\n</div>\r\n\r\n<div style=\"color: rgb(34, 34, 34); font-family: Tahoma; font-size: 12px;\">\r\n<p style=\"text-align:justify\"><img alt=\"Chan vay xoe dai ban eo cao c1130 2\" src=\"https://www.thoitrangtichtac.com/productimgs/C/C1x/c11/c1130/Chan_vay_xoe_dai_ban_eo_cao_c1130_2.jpg\" style=\"border:none; max-width:740px; width:500px\" /></p>\r\n\r\n<p style=\"text-align:justify\">&nbsp;</p>\r\n\r\n<p style=\"text-align:justify\"><img alt=\"Chan vay xoe dai ban eo cao c1130 3\" src=\"https://www.thoitrangtichtac.com/productimgs/C/C1x/c11/c1130/Chan_vay_xoe_dai_ban_eo_cao_c1130_3.jpg\" style=\"border:none; max-width:740px; width:500px\" /></p>\r\n\r\n<p style=\"text-align:justify\">&nbsp;</p>\r\n\r\n<p style=\"text-align:justify\"><img alt=\"Chan vay xoe dai ban eo cao c1130 4\" src=\"https://www.thoitrangtichtac.com/productimgs/C/C1x/c11/c1130/Chan_vay_xoe_dai_ban_eo_cao_c1130_4.jpg\" style=\"border:none; max-width:740px; width:500px\" /></p>\r\n\r\n<p style=\"text-align:justify\">&nbsp;</p>\r\n\r\n<p style=\"text-align:justify\"><img alt=\"Chan vay xoe dai ban eo cao c1130-full\" src=\"https://www.thoitrangtichtac.com/productimgs/C/C1x/c11/c1132/Chan_vay_xoe_dai_ban_eo_cao_c1130-full.jpg\" style=\"border:none; max-width:740px; width:500px\" /></p>\r\n</div>\r\n', 290000, 180000, 'CGo7_Chan_vay_xoe_dai_ban_eo_cao.jpg', 'chiếc', 0, 'XS,S,M,L,XL', NULL, 0, '2018-12-30 08:22:13', '2019-05-18 08:22:27'),
(19, 'Chân váy xòe dài bản eo cao - C1137', 'chan-vay-xoe-dai-ban-eo-cao-c1137', 3, '<h1 style=\"text-align:center\"><a href=\"https://www.thoitrangtichtac.com/thoi-trang-nu/chan-vay/21137-chan-vay-xoe-dai-ban-eo-cao-c1137.html\" style=\"text-decoration-line: none; color: rgb(49, 49, 49); font-size: 20px; font-weight: 700;\">Chân váy xòe dài bản eo cao - C1137</a></h1>\r\n\r\n<div class=\"thongso\" style=\"width: 881.594px; float: left; font-size: 14px; padding: 5px 0px; color: rgb(34, 34, 34); font-family: Tahoma;\"><strong>Màu sắc:&nbsp;</strong>Nâu</div>\r\n\r\n<div class=\"thongso\" style=\"width: 881.594px; float: left; font-size: 14px; padding: 5px 0px; color: rgb(34, 34, 34); font-family: Tahoma;\"><strong>Chất liệu:&nbsp;</strong>vitex, mịn, ít nhăn, co giãn nhẹ</div>\r\n\r\n<div class=\"thongso\" style=\"width: 881.594px; float: left; font-size: 14px; padding: 5px 0px; color: rgb(34, 34, 34); font-family: Tahoma;\"><strong>Xuất xứ:&nbsp;</strong>Việt Nam</div>\r\n\r\n<div class=\"thongso\" style=\"width: 881.594px; float: left; font-size: 14px; padding: 5px 0px; color: rgb(34, 34, 34); font-family: Tahoma;\"><strong>Kích thước: XS/S/M/L/XL/XXL </strong>\r\n\r\n<div class=\"thongso_chitiet\" style=\"padding: 5px 0px 0px 44.0781px; width: 837.5px; float: left; line-height: 20px;\">&nbsp;&nbsp;<strong>Size XS:</strong>&nbsp;Dài 56, eo &lt;66cm<br />\r\n<br />\r\n&nbsp;&nbsp;<strong>Size S:</strong>&nbsp;Dài 56, eo &lt;70cm<br />\r\n<br />\r\n&nbsp;&nbsp;<strong>Size M:</strong>&nbsp;Dài 56, eo &lt;74cm<br />\r\n<br />\r\n&nbsp;&nbsp;<strong>Size L:</strong>&nbsp;Dài 56, eo &lt;78cm<br />\r\n<br />\r\n&nbsp;&nbsp;<strong>Size XL:</strong>&nbsp;Dài 56, eo &lt;84cm<br />\r\n<br />\r\n&nbsp;&nbsp;<strong>Size XXL:</strong>&nbsp;Dài 56, eo &lt;88cm<br />\r\n&nbsp;</div>\r\n</div>\r\n\r\n<div style=\"color: rgb(34, 34, 34); font-family: Tahoma; font-size: 12px;\">\r\n<p style=\"text-align:center\"><img alt=\"Chan vay xoe dai ban eo cao c1137 3\" src=\"https://www.thoitrangtichtac.com/productimgs/C/C1x/c11/c1137/Chan_vay_xoe_dai_ban_eo_cao_c1137_3.jpg\" style=\"border:none; height:auto; max-width:740px; width:700px\" /></p>\r\n\r\n<p style=\"text-align:center\">&nbsp;</p>\r\n\r\n<p style=\"text-align:center\"><img alt=\"Chan vay xoe dai ban eo cao c1137 2\" src=\"https://www.thoitrangtichtac.com/productimgs/C/C1x/c11/c1137/Chan_vay_xoe_dai_ban_eo_cao_c1137_2.jpg\" style=\"border:none; height:auto; max-width:740px; width:700px\" /></p>\r\n</div>\r\n', 290000, 180000, 'OBXV_Chân váy xòe dài bản eo cao - C1137.jpg', 'chiếc', 0, 'XS,S,M,L,XL', NULL, 0, '2018-12-30 08:24:20', '2019-05-18 08:23:12'),
(20, 'Chân váy xòe dài bản eo cao - C1132', 'chan-vay-xoe-dai-ban-eo-cao-c1132', 3, '<h1 style=\"text-align:center\"><a href=\"https://www.thoitrangtichtac.com/thoi-trang-nu/chan-vay/21132-chan-vay-xoe-dai-ban-eo-cao-c1132.html\" style=\"text-decoration-line: none; color: rgb(49, 49, 49); font-size: 20px; font-weight: 700;\">Chân váy xòe dài bản eo cao - C1132</a></h1>\r\n\r\n<div class=\"thongso\" style=\"width: 881.594px; float: left; font-size: 14px; padding: 5px 0px; color: rgb(34, 34, 34); font-family: Tahoma;\"><strong>Màu sắc:&nbsp;</strong>Xanh ngọc bích</div>\r\n\r\n<div class=\"thongso\" style=\"width: 881.594px; float: left; font-size: 14px; padding: 5px 0px; color: rgb(34, 34, 34); font-family: Tahoma;\"><strong>Chất liệu:&nbsp;</strong>vitex, mịn, ít nhăn, co giãn nhẹ</div>\r\n\r\n<div class=\"thongso\" style=\"width: 881.594px; float: left; font-size: 14px; padding: 5px 0px; color: rgb(34, 34, 34); font-family: Tahoma;\"><strong>Xuất xứ:&nbsp;</strong>Việt Nam</div>\r\n\r\n<div class=\"thongso\" style=\"width: 881.594px; float: left; font-size: 14px; padding: 5px 0px; color: rgb(34, 34, 34); font-family: Tahoma;\"><strong>Kích thước: XS/S/M/L/XL/XXL </strong>\r\n\r\n<div class=\"thongso_chitiet\" style=\"padding: 5px 0px 0px 44.0781px; width: 837.5px; float: left; line-height: 20px;\">&nbsp;&nbsp;<strong>Size XS:</strong>&nbsp;Dài 56, eo &lt;66cm<br />\r\n<br />\r\n&nbsp;&nbsp;<strong>Size S:</strong>&nbsp;Dài 56, eo &lt;70cm<br />\r\n<br />\r\n&nbsp;&nbsp;<strong>Size M:</strong>&nbsp;Dài 56, eo &lt;74cm<br />\r\n<br />\r\n&nbsp;&nbsp;<strong>Size L:</strong>&nbsp;Dài 56, eo &lt;78cm<br />\r\n<br />\r\n&nbsp;&nbsp;<strong>Size XL:</strong>&nbsp;Dài 56, eo &lt;82cm<br />\r\n<br />\r\n&nbsp;&nbsp;<strong>Size XXL:</strong>&nbsp;Dài 56, eo &lt;88cm<br />\r\n&nbsp;</div>\r\n</div>\r\n\r\n<div style=\"color: rgb(34, 34, 34); font-family: Tahoma; font-size: 12px;\">\r\n<p style=\"text-align:center\">&nbsp;</p>\r\n\r\n<p style=\"text-align:center\"><img alt=\"Chan vay xoe dai ban eo cao c1132-moi\" src=\"https://www.thoitrangtichtac.com/productimgs/C/C1x/c11/c1132/Chan_vay_xoe_dai_ban_eo_cao_c1132-moi.jpg\" style=\"border:none; height:auto; max-width:740px; width:700px\" /></p>\r\n\r\n<p style=\"text-align:center\">&nbsp;</p>\r\n\r\n<p style=\"text-align:center\"><img alt=\"Chan vay xoe dai ban eo cao c1131ful\" src=\"https://www.thoitrangtichtac.com/productimgs/C/C1x/c11/c1132/Chan_vay_xoe_dai_ban_eo_cao_c1131ful.jpg\" style=\"border:none; height:auto; max-width:740px; width:700px\" /></p>\r\n</div>\r\n', 290000, 180000, '0lUM_chan vay xoe.jpg', 'chiếc', 0, 'XS,S,M,L,XL', NULL, 0, '2018-12-30 08:26:27', '2019-05-18 08:23:33'),
(21, 'Quần tây eo kèm phụ kiện - C2302', 'quan-tay-eo-kem-phu-kien-c2302', 5, '<h1 style=\"text-align:center\"><a href=\"https://www.thoitrangtichtac.com/thoi-trang-nu/quan-nu/quan-dai/22302-quan-tay-eo-kem-phu-kien-c2302.html\" style=\"text-decoration-line: none; color: rgb(49, 49, 49); font-size: 20px; font-weight: 700;\">Quần tây eo kèm phụ kiện - C2302</a></h1>\r\n\r\n<div class=\"thongso\" style=\"width: 881.594px; float: left; font-size: 14px; padding: 5px 0px; color: rgb(34, 34, 34); font-family: Tahoma;\"><strong>Màu sắc:&nbsp;</strong>Đen</div>\r\n\r\n<div class=\"thongso\" style=\"width: 881.594px; float: left; font-size: 14px; padding: 5px 0px; color: rgb(34, 34, 34); font-family: Tahoma;\"><strong>Chất liệu:&nbsp;</strong>tuyết mưa cao cấp, có khóa kéo</div>\r\n\r\n<div class=\"thongso\" style=\"width: 881.594px; float: left; font-size: 14px; padding: 5px 0px; color: rgb(34, 34, 34); font-family: Tahoma;\"><strong>Xuất xứ:&nbsp;</strong>Việt Nam</div>\r\n\r\n<div class=\"thongso\" style=\"width: 881.594px; float: left; font-size: 14px; padding: 5px 0px; color: rgb(34, 34, 34); font-family: Tahoma;\"><strong>Kích thước: Freesize/S/M/L/XL/XXL </strong>\r\n\r\n<div class=\"thongso_chitiet\" style=\"padding: 5px 0px 0px 44.0781px; width: 837.5px; float: left; line-height: 20px;\">&nbsp;&nbsp;<strong>Size Freesize:</strong>&nbsp;40-56kg (thun cotton co giãn tốt)<br />\r\n<br />\r\n&nbsp;&nbsp;<strong>Size S:</strong>&nbsp;43-48kg&nbsp;<br />\r\n<br />\r\n&nbsp;&nbsp;<strong>Size M:</strong>&nbsp;48-53kg&nbsp;<br />\r\n<br />\r\n&nbsp;&nbsp;<strong>Size L:</strong>&nbsp;53-57kg&nbsp;<br />\r\n<br />\r\n&nbsp;&nbsp;<strong>Size XL:</strong>&nbsp;57-62kg&nbsp;<br />\r\n<br />\r\n&nbsp;&nbsp;<strong>Size XXL:</strong>&nbsp;62-67kg<br />\r\n&nbsp;</div>\r\n</div>\r\n\r\n<div style=\"color: rgb(34, 34, 34); font-family: Tahoma; font-size: 12px;\">\r\n<p style=\"text-align:center\"><img alt=\"Quan tay eo kem phu kien c2302 2\" src=\"https://www.thoitrangtichtac.com/productimgs/C/c2x/c23/c2302/Quan_tay_eo_kem_phu_kien_c2302_2.jpg\" style=\"border:none; height:auto; max-width:740px; width:700px\" /></p>\r\n\r\n<p style=\"text-align:center\">&nbsp;</p>\r\n\r\n<p style=\"text-align:center\">&nbsp;</p>\r\n\r\n<p style=\"text-align:center\"><img alt=\"Quan tay eo kem phu kien c2302 3\" src=\"https://www.thoitrangtichtac.com/productimgs/C/c2x/c23/c2302/Quan_tay_eo_kem_phu_kien_c2302_3.jpg\" style=\"border:none; height:auto; max-width:740px; width:700px\" /></p>\r\n</div>\r\n', 280000, 175000, 'MyUR_quan tay.jpg', 'chiếc', 1, 'S,M,L,XL,Freesize', NULL, 0, '2018-12-30 08:31:31', '2019-05-18 08:24:02'),
(22, 'Đầm ôm tay dài phối nút thanh lịch hàng thiết kế - C2658', 'dam-om-tay-dai-phoi-nut-thanh-lich-hang-thiet-ke-c2658', 4, '<h1 style=\"text-align:center\"><a href=\"https://www.thoitrangtichtac.com/thoi-trang-nu/dam-vay-nu/dam-om-body/22658-dam-om-tay-dai-phoi-nut-thanh-lich-hang-thiet-ke-c2658.html\" style=\"text-decoration-line: none; color: rgb(49, 49, 49); font-size: 20px; font-weight: 700;\">Đầm ôm tay dài phối nút thanh lịch hàng thiết kế - C2658</a></h1>\r\n\r\n<div class=\"thongso\" style=\"width: 881.594px; float: left; font-size: 14px; padding: 5px 0px; color: rgb(34, 34, 34); font-family: Tahoma;\"><strong>Màu sắc:&nbsp;</strong>Kem</div>\r\n\r\n<div class=\"thongso\" style=\"width: 881.594px; float: left; font-size: 14px; padding: 5px 0px; color: rgb(34, 34, 34); font-family: Tahoma;\"><strong>Chất liệu:&nbsp;</strong>thun umi cao cấp, co giãn tốt</div>\r\n\r\n<div class=\"thongso\" style=\"width: 881.594px; float: left; font-size: 14px; padding: 5px 0px; color: rgb(34, 34, 34); font-family: Tahoma;\"><strong>Xuất xứ:&nbsp;</strong>Việt Nam</div>\r\n\r\n<div class=\"thongso\" style=\"width: 881.594px; float: left; font-size: 14px; padding: 5px 0px; color: rgb(34, 34, 34); font-family: Tahoma;\"><strong>Kích thước: S/M/L/XL </strong>\r\n\r\n<div class=\"thongso_chitiet\" style=\"padding: 5px 0px 0px 44.0781px; width: 837.5px; float: left; line-height: 20px;\">&nbsp;&nbsp;<strong>Size S:</strong>&nbsp;Dài đầm 92, ngực &lt;86, eo &lt;68cm<br />\r\n<br />\r\n&nbsp;&nbsp;<strong>Size M:</strong>&nbsp;Dài đầm 92, ngực &lt;90, eo &lt;72cm<br />\r\n<br />\r\n&nbsp;&nbsp;<strong>Size L:</strong>&nbsp;Dài đầm 94, ngực &lt;94, eo &lt;76cm<br />\r\n<br />\r\n&nbsp;&nbsp;<strong>Size XL:</strong>&nbsp;Dài đầm 94, ngực &lt;98, eo &lt;82cm<br />\r\n&nbsp;</div>\r\n</div>\r\n\r\n<div style=\"color: rgb(34, 34, 34); font-family: Tahoma; font-size: 12px;\">\r\n<p style=\"text-align:center\"><img alt=\"Dam om tay dai phoi nut thanh lich c2658 2\" src=\"https://www.thoitrangtichtac.com/productimgs/C/c2x/c25/c2658/Dam_om_tay_dai_phoi_nut_thanh_lich_c2658_2.jpg\" style=\"border:none; height:auto; max-width:740px; width:639px\" /></p>\r\n\r\n<p style=\"text-align:center\">&nbsp;</p>\r\n\r\n<p style=\"text-align:center\"><img alt=\"Dam om tay dai phoi nut thanh lich c2658 3\" src=\"https://www.thoitrangtichtac.com/productimgs/C/c2x/c25/c2658/Dam_om_tay_dai_phoi_nut_thanh_lich_c2658_3.jpg\" style=\"border:none; height:auto; max-width:740px; width:639px\" /></p>\r\n\r\n<p style=\"text-align:center\">&nbsp;</p>\r\n\r\n<p style=\"text-align:center\"><img alt=\"Dam om tay dai phoi nut thanh lich c2658 4\" src=\"https://www.thoitrangtichtac.com/productimgs/C/c2x/c25/c2658/Dam_om_tay_dai_phoi_nut_thanh_lich_c2658_4.jpg\" style=\"border:none; height:auto; max-width:740px; width:639px\" /></p>\r\n</div>\r\n', 560000, 395000, '5dhL_Dam_om_tay_dai_phoi_nut_thanh_lich.jpg', 'chiếc', 1, 'S,M,L,XL', NULL, 0, '2018-12-30 08:40:32', '2019-05-18 08:24:57');
INSERT INTO `tbl_products` (`product_id`, `product_name`, `product_alias`, `product_type_id`, `product_description`, `product_unit_price`, `product_promotion_price`, `product_image`, `product_unit`, `product_new`, `product_size`, `product_color`, `product_quantity`, `created_at`, `updated_at`) VALUES
(23, 'Đầm ôm cổ trụ eo đính ngọc hàng thiết kế - C2597', 'dam-om-co-tru-eo-dinh-ngoc-hang-thiet-ke-c2597', 4, '<p style=\"text-align:center\"><span style=\"font-size:20px\"><strong>Đầm ôm cổ trụ eo đính ngọc hàng thiết kế - C2597</strong></span></p>\r\n\r\n<div class=\"thongso\" style=\"width: 881.594px; float: left; font-size: 14px; padding: 5px 0px; color: rgb(34, 34, 34); font-family: Tahoma;\"><strong>Màu sắc:&nbsp;</strong>Đen</div>\r\n\r\n<div class=\"thongso\" style=\"width: 881.594px; float: left; font-size: 14px; padding: 5px 0px; color: rgb(34, 34, 34); font-family: Tahoma;\"><strong>Chất liệu:&nbsp;</strong>thun umi dày dặn, co giãn, thấm hút mồ hôi</div>\r\n\r\n<div class=\"thongso\" style=\"width: 881.594px; float: left; font-size: 14px; padding: 5px 0px; color: rgb(34, 34, 34); font-family: Tahoma;\"><strong>Xuất xứ:&nbsp;</strong>Việt Nam</div>\r\n\r\n<div class=\"thongso\" style=\"width: 881.594px; float: left; font-size: 14px; padding: 5px 0px; color: rgb(34, 34, 34); font-family: Tahoma;\"><strong>Kích thước: S/M/L/XL </strong>\r\n\r\n<div class=\"thongso_chitiet\" style=\"padding: 5px 0px 0px 44.0781px; width: 837.5px; float: left; line-height: 20px;\">&nbsp;&nbsp;<strong>Size S:</strong>&nbsp;Dài đầm 92, ngực &lt;86, eo &lt;68cm<br />\r\n<br />\r\n&nbsp;&nbsp;<strong>Size M:</strong>&nbsp;Dài đầm 92, ngực &lt;90, eo &lt;72cm<br />\r\n<br />\r\n&nbsp;&nbsp;<strong>Size L:</strong>&nbsp;Dài đầm 94, ngực &lt;94, eo &lt;76cm<br />\r\n<br />\r\n&nbsp;&nbsp;<strong>Size XL:</strong>&nbsp;Dài đầm 94, ngực &lt;98, eo &lt;82cm<br />\r\n&nbsp;</div>\r\n</div>\r\n\r\n<div style=\"color: rgb(34, 34, 34); font-family: Tahoma; font-size: 12px;\">\r\n<p style=\"text-align:center\"><img alt=\"Dam om co tru eo dinh ngoc hang thiet ke c2597-moi 2\" src=\"https://www.thoitrangtichtac.com/productimgs/C/c2x/c25/c2597/Dam_om_co_tru_eo_dinh_ngoc_hang_thiet_ke_c2597-moi_2.jpg\" style=\"border:none; height:auto; max-width:740px; width:700px\" /></p>\r\n\r\n<p style=\"text-align:center\">&nbsp;</p>\r\n\r\n<p style=\"text-align:center\">&nbsp;</p>\r\n\r\n<p style=\"text-align:center\"><img alt=\"Dam om co tru eo dinh ngoc hang thiet ke c2597 2\" src=\"https://www.thoitrangtichtac.com/productimgs/C/c2x/c25/c2597/Dam_om_co_tru_eo_dinh_ngoc_hang_thiet_ke_c2597_2.jpg\" style=\"border:none; height:auto; max-width:740px; width:698px\" /></p>\r\n\r\n<p style=\"text-align:center\">&nbsp;</p>\r\n\r\n<p style=\"text-align:center\"><img alt=\"Dam om co tru eo dinh ngoc hang thiet ke c2597 1\" src=\"https://www.thoitrangtichtac.com/productimgs/C/c2x/c25/c2597/Dam_om_co_tru_eo_dinh_ngoc_hang_thiet_ke_c2597_1.jpg\" style=\"border:none; height:auto; max-width:740px; width:700px\" /></p>\r\n</div>\r\n', 560000, 395000, 'n1TH_Dam_om_co_tru_eo_dinh_ngoc_hang_thiet_ke_c2597.jpg', 'chiếc', 0, 'S,M,L,XL', NULL, 0, '2019-02-20 08:49:21', '2019-05-18 08:25:12'),
(24, 'Đầm ôm dự tiệc vai bèo chân ren hàng thiết kế - C2009', 'dam-om-du-tiec-vai-beo-chan-ren-hang-thiet-ke-c2009', 4, '<h1><a href=\"https://www.thoitrangtichtac.com/thoi-trang-nu/dam-vay-nu/dam-om-body/22009-dam-om-du-tiec-vai-beo-chan-ren-hang-thiet-ke-c2009.html\" style=\"text-decoration-line: none; color: rgb(49, 49, 49); font-size: 20px; font-weight: 700;\">Đầm ôm dự tiệc vai bèo chân ren hàng thiết kế - C2009</a></h1>\r\n\r\n<div class=\"thongso\" style=\"width: 881.594px; float: left; font-size: 14px; padding: 5px 0px; color: rgb(34, 34, 34); font-family: Tahoma;\"><strong>Màu sắc:&nbsp;</strong>Xanh lá cây (Green)</div>\r\n\r\n<div class=\"thongso\" style=\"width: 881.594px; float: left; font-size: 14px; padding: 5px 0px; color: rgb(34, 34, 34); font-family: Tahoma;\"><strong>Chất liệu:&nbsp;</strong>thun umi cao cấp, dày dặn vừa phải, co giãn tốt</div>\r\n\r\n<div class=\"thongso\" style=\"width: 881.594px; float: left; font-size: 14px; padding: 5px 0px; color: rgb(34, 34, 34); font-family: Tahoma;\"><strong>Xuất xứ:&nbsp;</strong>Việt Nam</div>\r\n\r\n<div class=\"thongso\" style=\"width: 881.594px; float: left; font-size: 14px; padding: 5px 0px; color: rgb(34, 34, 34); font-family: Tahoma;\"><strong>Kích thước: S/M/L/XL </strong>\r\n\r\n<div class=\"thongso_chitiet\" style=\"padding: 5px 0px 0px 44.0781px; width: 837.5px; float: left; line-height: 20px;\">&nbsp;&nbsp;<strong>Size S:</strong>&nbsp;Dài đầm 92, ngực &lt;86, eo &lt;68cm<br />\r\n<br />\r\n&nbsp;&nbsp;<strong>Size M:</strong>&nbsp;Dài đầm 92, ngực &lt;90, eo &lt;72cm<br />\r\n<br />\r\n&nbsp;&nbsp;<strong>Size L:</strong>&nbsp;Dài đầm 94, ngực &lt;94, eo &lt;76cm<br />\r\n<br />\r\n&nbsp;&nbsp;<strong>Size XL:</strong>&nbsp;Dài đầm 94, ngực &lt;98, eo &lt;80cm<br />\r\n&nbsp;</div>\r\n</div>\r\n\r\n<div style=\"color: rgb(34, 34, 34); font-family: Tahoma; font-size: 12px;\">\r\n<p style=\"text-align:center\"><img alt=\"Dam om du tiec vai beo chan ren hang thiet ke c2009\" src=\"https://www.thoitrangtichtac.com/productimgs/C/c2x/c20/c2009/Dam_om_du_tiec_vai_beo_chan_ren_hang_thiet_ke_c2009.jpg\" style=\"border:none; height:auto; max-width:740px; width:753px\" /></p>\r\n\r\n<p style=\"text-align:center\">&nbsp;</p>\r\n\r\n<p style=\"text-align:center\"><img alt=\"Dam om du tiec vai beo chan ren hang thiet ke c2009 2\" src=\"https://www.thoitrangtichtac.com/productimgs/C/c2x/c20/c2009/Dam_om_du_tiec_vai_beo_chan_ren_hang_thiet_ke_c2009_2.jpg\" style=\"border:none; height:auto; max-width:740px; width:753px\" /></p>\r\n</div>\r\n', 440000, 345000, 'm44c_Dam_om_du_tiec_vai_beo_chan_ren_hang_thiet_ke_c2009.jpg', 'chiếc', 1, 'S,M,L,XL', NULL, 0, '2019-02-20 09:25:24', '2019-05-18 08:25:38'),
(25, 'Đầm xòe cổ sơ mi màu đen - C2756', 'dam-xoe-co-so-mi-mau-den-c2756', 4, '<h1 style=\"text-align:center\"><a href=\"https://www.thoitrangtichtac.com/thoi-trang-nu/dam-vay-nu/vay-dam-dao-pho/22756-dam-xoe-co-so-mi-mau-den-c2756.html\" style=\"text-decoration-line: none; color: rgb(49, 49, 49); font-size: 20px; font-weight: 700;\">Đầm xòe cổ sơ mi màu đen - C2756</a></h1>\r\n\r\n<div class=\"thongso\" style=\"width: 881.594px; float: left; font-size: 14px; padding: 5px 0px; color: rgb(34, 34, 34); font-family: Tahoma;\"><strong>Màu sắc:&nbsp;</strong>Đen</div>\r\n\r\n<div class=\"thongso\" style=\"width: 881.594px; float: left; font-size: 14px; padding: 5px 0px; color: rgb(34, 34, 34); font-family: Tahoma;\"><strong>Chất liệu:&nbsp;</strong>tằm lụa</div>\r\n\r\n<div class=\"thongso\" style=\"width: 881.594px; float: left; font-size: 14px; padding: 5px 0px; color: rgb(34, 34, 34); font-family: Tahoma;\"><strong>Xuất xứ:&nbsp;</strong>Việt Nam</div>\r\n\r\n<div class=\"thongso\" style=\"width: 881.594px; float: left; font-size: 14px; padding: 5px 0px; color: rgb(34, 34, 34); font-family: Tahoma;\"><strong>Kích thước: M/L/XL </strong>\r\n\r\n<div class=\"thongso_chitiet\" style=\"padding: 5px 0px 0px 44.0781px; width: 837.5px; float: left; line-height: 20px;\">&nbsp;&nbsp;<strong>Size M:</strong>&nbsp;Dài đầm 98cm, ngực &lt;88cm, eo &lt;70cm&nbsp;<br />\r\n<br />\r\n&nbsp;&nbsp;<strong>Size L:</strong>&nbsp;Dài đầm 98cm, ngực &lt;92cm, eo &lt;74cm&nbsp;<br />\r\n<br />\r\n&nbsp;&nbsp;<strong>Size XL:</strong>&nbsp;Dài đầm 98cm, ngực &lt;96cm, eo &lt;78cm&nbsp;<br />\r\n&nbsp;</div>\r\n</div>\r\n\r\n<div style=\"color: rgb(34, 34, 34); font-family: Tahoma; font-size: 12px;\">\r\n<p style=\"text-align:center\"><img alt=\"Dam xoe co so mi mau den c2756 2\" src=\"https://www.thoitrangtichtac.com/productimgs/C/c2x/c27/c2756/Dam_xoe_co_so_mi_mau_den_c2756_2.jpg\" style=\"border:none; height:auto; max-width:740px; width:700px\" /></p>\r\n</div>\r\n', 345000, 0, '3UMx_Dam_xoe_co_so_mi_mau_den_c2756.jpg', 'chiếc', 1, 'M,L,XL', NULL, 55, '2019-02-20 09:41:33', '2019-05-18 08:31:25'),
(26, 'Đầm suông công sở thêu hoa màu đen - C2828', 'dam-suong-cong-so-theu-hoa-mau-den-c2828', 4, '<h1 style=\"text-align:center\"><a href=\"https://www.thoitrangtichtac.com/thoi-trang-nu/dam-vay-nu/dam-suong/22828-dam-suong-cong-so-theu-hoa-mau-den-c2828.html\" style=\"text-decoration-line: none; color: rgb(49, 49, 49); font-size: 20px; font-weight: 700;\">Đầm suông công sở thêu hoa màu đen - C2828</a></h1>\r\n\r\n<div class=\"thongso\" style=\"width: 881.594px; float: left; font-size: 14px; padding: 5px 0px; color: rgb(34, 34, 34); font-family: Tahoma;\"><strong>Màu sắc:&nbsp;</strong>Đen</div>\r\n\r\n<div class=\"thongso\" style=\"width: 881.594px; float: left; font-size: 14px; padding: 5px 0px; color: rgb(34, 34, 34); font-family: Tahoma;\"><strong>Chất liệu:&nbsp;</strong>cotton lạnh, dày dặn, mịn, co giãn ít</div>\r\n\r\n<div class=\"thongso\" style=\"width: 881.594px; float: left; font-size: 14px; padding: 5px 0px; color: rgb(34, 34, 34); font-family: Tahoma;\"><strong>Xuất xứ:&nbsp;</strong>Việt Nam</div>\r\n\r\n<div class=\"thongso\" style=\"width: 881.594px; float: left; font-size: 14px; padding: 5px 0px; color: rgb(34, 34, 34); font-family: Tahoma;\"><strong>Kích thước: M/L/XL/XXL/XXXL </strong>\r\n\r\n<div class=\"thongso_chitiet\" style=\"padding: 5px 0px 0px 44.0781px; width: 837.5px; float: left; line-height: 20px;\">&nbsp;&nbsp;<strong>Size M:</strong>&nbsp;Dài đầm 87, ngực &lt;90cm, eo - mông suông A<br />\r\n<br />\r\n&nbsp;&nbsp;<strong>Size L:</strong>&nbsp;Dài đầm 87, ngực &lt;94cm, eo - mông suông<br />\r\n<br />\r\n&nbsp;&nbsp;<strong>Size XL:</strong>&nbsp;Dài đầm 87, ngực &lt;98cm, eo - mông suông<br />\r\n<br />\r\n&nbsp;&nbsp;<strong>Size XXL:</strong>&nbsp;Dài đầm 89, ngực &lt;102cm, eo - mông suông<br />\r\n<br />\r\n&nbsp;&nbsp;<strong>Size XXXL:</strong>&nbsp;Dài đầm 89, ngực &lt;106cm, eo - mông suông<br />\r\n&nbsp;</div>\r\n</div>\r\n\r\n<div style=\"color: rgb(34, 34, 34); font-family: Tahoma; font-size: 12px;\">\r\n<p style=\"text-align:center\"><img alt=\"Dam suong cong so theu hoa mau den c2828 2\" src=\"https://www.thoitrangtichtac.com/productimgs/C/c2x/c28/c2828/Dam_suong_cong_so_theu_hoa_mau_den_c2828_2.jpg\" style=\"border:none; height:auto; max-width:740px; width:700px\" /></p>\r\n\r\n<p style=\"text-align:center\">&nbsp;</p>\r\n\r\n<p style=\"text-align:center\"><img alt=\"Dam suong cong so theu hoa mau den c2828 3\" src=\"https://www.thoitrangtichtac.com/productimgs/C/c2x/c28/c2828/Dam_suong_cong_so_theu_hoa_mau_den_c2828_3.jpg\" style=\"border:none; height:auto; max-width:740px; width:704px\" /></p>\r\n\r\n<p style=\"text-align:center\">&nbsp;</p>\r\n\r\n<p style=\"text-align:center\"><img alt=\"Dam suong cong so theu hoa mau den c2828 5\" src=\"https://www.thoitrangtichtac.com/productimgs/C/c2x/c28/c2828/Dam_suong_cong_so_theu_hoa_mau_den_c2828_5.jpg\" style=\"border:none; height:auto; max-width:740px; width:701px\" /></p>\r\n\r\n<p style=\"text-align:center\">&nbsp;</p>\r\n\r\n<p style=\"text-align:center\"><img alt=\"Dam suong cong so theu hoa mau den c2828 6\" src=\"https://www.thoitrangtichtac.com/productimgs/C/c2x/c28/c2828/Dam_suong_cong_so_theu_hoa_mau_den_c2828_6.jpg\" style=\"border:none; height:auto; max-width:740px; width:700px\" /></p>\r\n\r\n<p style=\"text-align:center\">&nbsp;</p>\r\n\r\n<p style=\"text-align:center\"><img alt=\"Dam suong cong so theu hoa mau den c2828 4\" src=\"https://www.thoitrangtichtac.com/productimgs/C/c2x/c28/c2828/Dam_suong_cong_so_theu_hoa_mau_den_c2828_4.jpg\" style=\"border:none; height:auto; max-width:740px; width:700px\" /></p>\r\n\r\n<p style=\"text-align:center\">&nbsp;</p>\r\n\r\n<p style=\"text-align:center\"><img alt=\"Dam suong cong so theu hoa xanh ngoc c2826 5\" src=\"https://www.thoitrangtichtac.com/productimgs/C/c2x/c28/c2828/Dam_suong_cong_so_theu_hoa_xanh_ngoc_c2826_5.jpg\" style=\"border:none; height:auto; max-width:740px; width:700px\" /></p>\r\n\r\n<p style=\"text-align:center\">&nbsp;</p>\r\n\r\n<p style=\"text-align:center\"><img alt=\"Dam suong cong so theu hoa mau den c2828 7\" src=\"https://www.thoitrangtichtac.com/productimgs/C/c2x/c28/c2828/Dam_suong_cong_so_theu_hoa_mau_den_c2828_7.jpg\" style=\"border:none; height:auto; max-width:740px; width:700px\" /></p>\r\n</div>\r\n', 420000, 320000, 'rglT_Dam_suong_cong_so_theu_hoa_mau_den_c2828.jpg', 'chiếc', 0, 'M,L,XL', NULL, 0, '2019-02-20 09:57:18', '2019-05-18 08:26:46'),
(27, 'Đầm xòe cổ vest trẻ trung - C2730', 'dam-xoe-co-vest-tre-trung-c2730', 4, '<h1 style=\"text-align:center\"><a href=\"https://www.thoitrangtichtac.com/thoi-trang-nu/dam-vay-nu/dam-xoe/22730-dam-xoe-co-vest-tre-trung-c2730.html\" style=\"text-decoration-line: none; color: rgb(49, 49, 49); font-size: 20px; font-weight: 700;\">Đầm xòe cổ vest trẻ trung - C2730</a></h1>\r\n\r\n<div class=\"thongso\" style=\"width: 881.594px; float: left; font-size: 14px; padding: 5px 0px; color: rgb(34, 34, 34); font-family: Tahoma;\"><strong>Màu sắc:&nbsp;</strong>Sâm banh (Champagne)</div>\r\n\r\n<div class=\"thongso\" style=\"width: 881.594px; float: left; font-size: 14px; padding: 5px 0px; color: rgb(34, 34, 34); font-family: Tahoma;\"><strong>Chất liệu:&nbsp;</strong>thun hàn, co giãn tốt, khóa kéo lưng</div>\r\n\r\n<div class=\"thongso\" style=\"width: 881.594px; float: left; font-size: 14px; padding: 5px 0px; color: rgb(34, 34, 34); font-family: Tahoma;\"><strong>Xuất xứ:&nbsp;</strong>Việt Nam</div>\r\n\r\n<div class=\"thongso\" style=\"width: 881.594px; float: left; font-size: 14px; padding: 5px 0px; color: rgb(34, 34, 34); font-family: Tahoma;\"><strong>Kích thước: M/L/XL/XXL </strong>\r\n\r\n<div class=\"thongso_chitiet\" style=\"padding: 5px 0px 0px 44.0781px; width: 837.5px; float: left; line-height: 20px;\">&nbsp;&nbsp;<strong>Size M:</strong>&nbsp;Dài đầm 88, Ngực &lt;90, eo &lt;76cm<br />\r\n<br />\r\n&nbsp;&nbsp;<strong>Size L:</strong>&nbsp;Dài đầm 88, Ngực &lt;94, eo &lt;80cm<br />\r\n<br />\r\n&nbsp;&nbsp;<strong>Size XL:</strong>&nbsp;Dài đầm 90, Ngực &lt;98, eo &lt;84cm<br />\r\n<br />\r\n&nbsp;&nbsp;<strong>Size XXL:</strong>&nbsp;Dài đầm 90, Ngực &lt;102, eo &lt;88cm<br />\r\n&nbsp;</div>\r\n</div>\r\n\r\n<div style=\"color: rgb(34, 34, 34); font-family: Tahoma; font-size: 12px;\">\r\n<p style=\"text-align:center\"><img alt=\"Dam xoe co vest tre trung c2730 2\" src=\"https://www.thoitrangtichtac.com/productimgs/C/c2x/c27/c2730/Dam_xoe_co_vest_tre_trung_c2730_2.jpg\" style=\"border:none; height:auto; max-width:740px; width:700px\" /></p>\r\n</div>\r\n', 480000, 335000, 't8Im_Dam_xoe_co_vest_tre_trung_c2730.jpg', 'chiếc', 0, 'M,L,XL', NULL, 0, '2019-02-20 10:35:49', '2019-05-18 08:26:59'),
(28, 'Túi xách công sở họa tiết hoa nâu - C2348', 'tui-xach-cong-so-hoa-tiet-hoa-nau-c2348', 6, '<h1 style=\"text-align:center\"><a href=\"https://www.thoitrangtichtac.com/thoi-trang-nu/balo-tui-xach-nu/22348-tui-xach-cong-so-hoa-tiet-hoa-nau-c2348.html\" style=\"text-decoration-line: none; color: rgb(49, 49, 49); font-size: 20px; font-weight: 700;\">Túi xách công sở họa tiết hoa nâu - C2348</a></h1>\r\n\r\n<div class=\"thongso\" style=\"width: 881.594px; float: left; font-size: 14px; padding: 5px 0px; color: rgb(34, 34, 34); font-family: Tahoma;\"><strong>Màu sắc:&nbsp;</strong>Nâu sậm</div>\r\n\r\n<div class=\"thongso\" style=\"width: 881.594px; float: left; font-size: 14px; padding: 5px 0px; color: rgb(34, 34, 34); font-family: Tahoma;\"><strong>Chất liệu:&nbsp;</strong>da, kèm dây đeo dài</div>\r\n\r\n<div class=\"thongso\" style=\"width: 881.594px; float: left; font-size: 14px; padding: 5px 0px; color: rgb(34, 34, 34); font-family: Tahoma;\"><strong>Xuất xứ:&nbsp;</strong>Việt Nam</div>\r\n\r\n<div class=\"thongso\" style=\"width: 881.594px; float: left; font-size: 14px; padding: 5px 0px; color: rgb(34, 34, 34); font-family: Tahoma;\"><strong>Kích thước: One Size </strong>\r\n\r\n<div class=\"thongso_chitiet\" style=\"padding: 5px 0px 0px 44.0781px; width: 837.5px; float: left; line-height: 20px;\">&nbsp;&nbsp;<strong>Size One Size:</strong>&nbsp;1 ngăn lớn, dài 22cm<br />\r\n&nbsp;</div>\r\n</div>\r\n\r\n<div style=\"color: rgb(34, 34, 34); font-family: Tahoma; font-size: 12px;\">\r\n<p style=\"text-align:center\"><img alt=\"Tui xach cong so hoa tiet hoa nau c2348 4\" src=\"https://www.thoitrangtichtac.com/productimgs/C/c2x/c23/c2348/Tui_xach_cong_so_hoa_tiet_hoa_nau_c2348_4.jpg\" style=\"border:none; height:auto; max-width:740px; width:700px\" /></p>\r\n\r\n<p style=\"text-align:center\">&nbsp;</p>\r\n\r\n<p style=\"text-align:center\"><img alt=\"Tui xach cong so hoa tiet hoa nau c2348 2\" src=\"https://www.thoitrangtichtac.com/productimgs/C/c2x/c23/c2348/Tui_xach_cong_so_hoa_tiet_hoa_nau_c2348_2.jpg\" style=\"border:none; height:auto; max-width:740px; width:700px\" /></p>\r\n\r\n<p style=\"text-align:center\">&nbsp;</p>\r\n\r\n<p style=\"text-align:center\">&nbsp;</p>\r\n\r\n<p style=\"text-align:center\"><img alt=\"Tui xach cong so hoa tiet hoa nau c2348 3\" src=\"https://www.thoitrangtichtac.com/productimgs/C/c2x/c23/c2348/Tui_xach_cong_so_hoa_tiet_hoa_nau_c2348_3.jpg\" style=\"border:none; height:auto; max-width:740px; width:700px\" /></p>\r\n</div>\r\n', 280000, 149000, 'vRKj_Tui_xach_cong_so_hoa_tiet_hoa_nau_c2348.jpg', 'chiếc', 0, 'Onesize', NULL, 12, '2019-02-20 11:09:37', '2019-05-18 08:36:30'),
(29, 'Túi xách YSL siêu đẹp - C2569', 'tui-xach-ysl-sieu-dep-c2569', 6, '<h1 style=\"text-align:center\"><a href=\"https://www.thoitrangtichtac.com/thoi-trang-nu/balo-tui-xach-nu/22569-tui-xach-ysl-sieu-dep-c2569.html\" style=\"text-decoration-line: none; color: rgb(49, 49, 49); font-size: 20px; font-weight: 700;\">Túi xách YSL siêu đẹp - C2569</a></h1>\r\n\r\n<div class=\"thongso\" style=\"width: 881.594px; float: left; font-size: 14px; padding: 5px 0px; color: rgb(34, 34, 34); font-family: Tahoma;\"><strong>Màu sắc:&nbsp;</strong>Đen</div>\r\n\r\n<div class=\"thongso\" style=\"width: 881.594px; float: left; font-size: 14px; padding: 5px 0px; color: rgb(34, 34, 34); font-family: Tahoma;\"><strong>Chất liệu:&nbsp;</strong>da mềm, kèm dây đeo dài</div>\r\n\r\n<div class=\"thongso\" style=\"width: 881.594px; float: left; font-size: 14px; padding: 5px 0px; color: rgb(34, 34, 34); font-family: Tahoma;\"><strong>Xuất xứ:&nbsp;</strong>Việt Nam</div>\r\n\r\n<div class=\"thongso\" style=\"width: 881.594px; float: left; font-size: 14px; padding: 5px 0px; color: rgb(34, 34, 34); font-family: Tahoma;\"><strong>Kích thước: One Size </strong>\r\n\r\n<div class=\"thongso_chitiet\" style=\"padding: 5px 0px 0px 44.0781px; width: 837.5px; float: left; line-height: 20px;\">&nbsp;&nbsp;<strong>Size One Size:</strong>&nbsp;1 ngăn lớn - 1 ngăn kéo, 1 ngăn nhỏ, dài 22cm<br />\r\n&nbsp;</div>\r\n</div>\r\n\r\n<div style=\"color: rgb(34, 34, 34); font-family: Tahoma; font-size: 12px;\">\r\n<p style=\"text-align:center\"><img alt=\"Tui xach ysl sieu dep c2569 2\" src=\"https://www.thoitrangtichtac.com/productimgs/C/c2x/c25/c2569/Tui_xach_ysl_sieu_dep_c2569_2.jpg\" style=\"border:none; height:auto; max-width:740px; width:700px\" /></p>\r\n\r\n<p style=\"text-align:center\">&nbsp;</p>\r\n\r\n<p style=\"text-align:center\">&nbsp;</p>\r\n\r\n<p style=\"text-align:center\"><img alt=\"Tui xach ysl sieu dep c2569 3\" src=\"https://www.thoitrangtichtac.com/productimgs/C/c2x/c25/c2569/Tui_xach_ysl_sieu_dep_c2569_3.jpg\" style=\"border:none; height:auto; max-width:740px; width:700px\" /></p>\r\n\r\n<p style=\"text-align:center\">&nbsp;</p>\r\n\r\n<p style=\"text-align:center\"><img alt=\"Tui xach ysl sieu dep c2569 4\" src=\"https://www.thoitrangtichtac.com/productimgs/C/c2x/c25/c2569/Tui_xach_ysl_sieu_dep_c2569_4.jpg\" style=\"border:none; height:auto; max-width:740px; width:700px\" /></p>\r\n</div>\r\n', 300000, 190000, 'Zlcw_Tui_xach_ysl_sieu_dep_c2569.jpg', 'chiếc', 1, 'Onesize', NULL, 17, '2019-02-20 11:14:14', '2019-05-18 08:38:10'),
(31, 'test', 'test', 1, '<p>dfd</p>\r\n', 500, 200, 'jR69_7257b180836f3a3.jpg', 'chiếc', 0, 'XS,S,M,L', NULL, 298, '2019-05-18 02:20:04', '2019-05-18 02:20:04');

-- --------------------------------------------------------

--
-- Cấu trúc bảng cho bảng `tbl_slide`
--

CREATE TABLE `tbl_slide` (
  `slide_id` int(11) NOT NULL,
  `slide_name` varchar(100) DEFAULT NULL,
  `slide_link` varchar(100) DEFAULT NULL,
  `slide_image` varchar(255) DEFAULT NULL,
  `created_at` timestamp NULL DEFAULT NULL,
  `updated_at` timestamp NULL DEFAULT NULL
) ENGINE=InnoDB DEFAULT CHARSET=utf8;

--
-- Đang đổ dữ liệu cho bảng `tbl_slide`
--

INSERT INTO `tbl_slide` (`slide_id`, `slide_name`, `slide_link`, `slide_image`, `created_at`, `updated_at`) VALUES
(1, 'Slide 1', '', 'CCfp_slide_thoitrang2.jpg', NULL, '2018-12-22 10:22:03'),
(2, 'Slide 2', '', 'QORs_Slide-Vest.jpg', '2018-07-11 09:31:57', '2018-12-22 10:22:19'),
(3, 'Slide 3', '', 'hL0u_slide.jpg', '2018-07-11 09:38:02', '2018-12-22 10:22:37'),
(4, 'Slide 4', '', '1lcB_giay-dep-sandals-wiki-900x450.jpg', '2018-07-11 09:38:29', '2018-12-22 10:22:52'),
(5, 'Slide 5', '', 'iWDk_vaydepchonusinh.jpg', '2018-12-22 10:23:22', '2018-12-22 10:23:22'),
(6, 'Slide 6', '', 'OZUc_tuixach_asv.jpg', '2018-12-22 10:23:49', '2018-12-22 10:23:49'),
(7, 'Slide 7', '', 'p2Ha_slide_dathat1.jpg', '2018-12-22 10:24:03', '2018-12-22 10:24:03');

-- --------------------------------------------------------

--
-- Cấu trúc bảng cho bảng `tbl_type_products`
--

CREATE TABLE `tbl_type_products` (
  `type_product_id` int(11) NOT NULL COMMENT 'id loại sản phẩm',
  `type_product_name` varchar(100) DEFAULT NULL COMMENT 'tên loại sản phẩm',
  `type_product_alias` varchar(100) DEFAULT NULL COMMENT 'tên không dấu',
  `type_product_description` text COMMENT 'miêu tả',
  `type_product_image` varchar(255) DEFAULT NULL COMMENT 'hình ảnh',
  `created_at` timestamp NULL DEFAULT NULL COMMENT 'thời gian tạo',
  `updated_at` timestamp NULL DEFAULT NULL COMMENT 'thời gian sửa'
) ENGINE=InnoDB DEFAULT CHARSET=utf8;

--
-- Đang đổ dữ liệu cho bảng `tbl_type_products`
--

INSERT INTO `tbl_type_products` (`type_product_id`, `type_product_name`, `type_product_alias`, `type_product_description`, `type_product_image`, `created_at`, `updated_at`) VALUES
(1, 'Áo', 'ao', '<p>Bao gồm những chiếc áo thun đầy cá tính cho những bạn trẻ năng động và bên cạnh đó còn có những chiếc áo sơ mi xinh đẹp nhưng không kém phần thanh lịch, trang trọng,...</p>\r\n', '0f9T_ao len.jpg', '2018-07-09 03:57:58', '2018-12-21 07:51:46'),
(2, 'Áo khoác', 'ao-khoac', '<p>Những chiếc áo khoác không những mang lại cho bạn cảm giác ấm áp khi mùa đông đến mà còn giúp bạn trở nên sang trọng, quý phái hơn nếu biết cách kết hợp thời trang.</p>\r\n', 'ubiQ_ao khoac len.jpg', '2018-07-10 05:26:05', '2018-12-21 07:54:43'),
(3, 'Chân váy', 'chan-vay', '<p>Chân váy giúp bạn vừa mang lại nét nữ tính mà không quá gò bó như đầm,...</p>\r\n', '7JUI_chan vay xoe.jpg', '2018-07-10 15:59:45', '2018-12-21 07:56:48'),
(4, 'Đầm', 'dam', '<p>Bao gồm đầm dạ hội, đầm đi dự tiệc hoặc có thể để đi gặp gỡ bạn bè,...</p>\r\n', 'm9Er_dam da hoi.jpg', '2018-07-10 16:14:01', '2018-12-21 07:58:27'),
(5, 'Quần', 'quan', '<p>Có nhiều loại quần như quần tây, quần jean,...</p>\r\n', 'GTRv_quan tay.jpg', '2018-07-11 07:11:08', '2018-12-21 08:00:53'),
(6, 'Balo - Túi xách', 'balo-tui-xach', '<p>Những thời trang phụ kiện cũng vô cùng quan trọng khi kết hợp với những bộ váy, đầm sẽ giúp bạn trở nên hợp thời trang và sang chảnh hơn,...</p>\r\n', '0bxz_vi 1.jpg', '2018-12-21 08:03:24', '2018-12-21 08:03:24'),
(8, 'Giày dép', 'giay-dep', '<p>mac ia qua di</p>\r\n', '', '2019-03-17 03:10:47', '2019-04-09 04:13:21');

-- --------------------------------------------------------

--
-- Cấu trúc bảng cho bảng `tbl_users`
--

CREATE TABLE `tbl_users` (
  `id` int(11) UNSIGNED NOT NULL,
  `full_name` varchar(255) DEFAULT NULL,
  `email` varchar(255) DEFAULT NULL,
  `image` varchar(255) DEFAULT NULL,
  `permissions` int(11) DEFAULT NULL,
  `password` varchar(255) DEFAULT NULL,
  `remember_token` varchar(100) DEFAULT NULL,
  `created_at` timestamp NULL DEFAULT NULL,
  `updated_at` timestamp NULL DEFAULT NULL
) ENGINE=InnoDB DEFAULT CHARSET=utf8;

--
-- Đang đổ dữ liệu cho bảng `tbl_users`
--

INSERT INTO `tbl_users` (`id`, `full_name`, `email`, `image`, `permissions`, `password`, `remember_token`, `created_at`, `updated_at`) VALUES
(1, 'Tuyen Huynh', 'ngoctuyen@itvina.com', 'hinh.jpg', 1, '$2y$10$bL8PLmJZAPkz0Ud3AvZ0fuX.KW9z0sjYNyWD3EYo93Al3ykdiUoYe', '83Fu6Uu8ZwD4XqvbHkPv1hkGzzdAwzqCIf5AfF1ljOb2St49ar2ATUtn3mAW', '2018-07-09 04:02:48', '2018-07-18 08:28:36'),
(3, 'user_1', 'user1@gmail.com', 'VFb5_nhock trum.jpg', 0, '$2y$10$tFsbibe.5gHjbxPyye8Btu/hbJFVO0XAKq/P1/UgApza6vJI8i5ua', 'g8wUnhs90Unwkgdns7OadMPGFb871Q43Yk3Q0B0y7BmZO75W7gPL5cWYh8n5', '2018-07-11 11:46:33', '2018-07-11 15:51:40'),
(4, 'user_2', 'user2@gmail.com', 'JkPn_7.jpg', 0, '$2y$10$.FEZZOetVZgJyxWMnTTnbeiIoY6u1j8wvaT8U3yui3Oo21nnBbV8q', 'ppsjXNWQu42zQ4rdoiWRLyVZCSSlwMaqLHAIZIH81veHuyDnpW3wWH8BCgj9', '2018-07-11 14:46:32', '2018-07-18 08:05:30'),
(5, 'Ngọc Tuyền', 'ngoctuyen1996.huynh@gmail.com', 'rdTz_AVATAR.jpg', 1, '$2y$10$aQLk40WTFoVt4f64Yxy3p.Tcm25Z2KlrITMLF2bg8qjc0TjzXuOiu', 'XuSjThcOXUNCVmaK7qcZhtTqCBnh9sT9J89HCEitlCczvKWfAVBc74YO8eo7', '2018-07-11 16:09:32', '2019-05-22 17:02:53'),
(7, 'user_3', 'user3@gmail.com', 't6Ku_TinhBachNhien.jpg', 0, '$2y$10$R/A.GnOvfN5o4C1v/F7KZ.GNfIj6V7oLE3tab.emnfCWj.cXo1zl6', 'NimGnjG09Jx1W8tApeDJV2ClBFPeX9T7kdLkiZ14t2NPGN2QfQEqB1K948mX', '2018-07-15 07:04:21', '2018-07-18 08:28:52'),
(8, 'User_4', 'user4@gmail.com', 'rZeN_shit.jpg', 0, '$2y$10$eHondV/UqsnEvtU8cvR3du13NRehP5efmM1WO4Z8Yx19G2G0ifZHm', '9SefJysnzkcnZL4R5oUXXxWRMXRCSCFJJ5WXUwkCqQt0UhFoJOoojQy3CARG', '2018-07-18 08:03:35', '2018-07-18 08:29:11'),
(9, 'user_5', 'user5@gmail.com', 'jaez_SUMMER H. HOWELL.jpg', 0, '$2y$10$XBR/zfipZ4jnd7lOes0EJOKSmbFzdQecrY78qYSekJWFjqs1ju40y', 'gtST5KyerTv0psYquH8XDf3OHIm5PcypHvpEqGrGHYZyFoGTPbkQhgWDvlAb', '2018-07-18 08:09:46', '2018-07-18 08:12:20'),
(11, 'ahihi', 'ahihi@gmail.com', '24Ud_ANTHONY GONZALEZ.jpg', 0, '$2y$10$f/J7K/Sko3wFVM/49nmKf.sTa8dqPAjIRfHhY7xywda2Iv1SYCjIa', 'WSeYSYujYsYOHrqFNkBdaxJR09GUm28imLz6sajrzFwqyYCt8seWzN0fmBiB', '2018-07-18 08:19:31', '2018-07-19 14:47:00'),
(12, 'funny', 'funny@abc.com', 'us2z_8.jpg', 0, '$2y$10$E13cVmPzVixrFjI3za99Z.mexWt.BazwiNxuSbnWFokON1m0CykXi', 'qkBPuVja2FTW6jEQ2pcAnJrGtvKfySuCgXT81vmgjpX8etRkdOMe1EWQFm2p', '2018-07-18 08:22:33', '2018-07-19 14:54:31');

--
-- Chỉ mục cho các bảng đã đổ
--

--
-- Chỉ mục cho bảng `tbl_bills`
--
ALTER TABLE `tbl_bills`
  ADD PRIMARY KEY (`bill_id`),
  ADD KEY `tbl_bills_ibfk_1` (`bill_customer_id`);

--
-- Chỉ mục cho bảng `tbl_bill_detail`
--
ALTER TABLE `tbl_bill_detail`
  ADD PRIMARY KEY (`bill_detail_id`),
  ADD KEY `tbl_bill_detail_ibfk_1` (`bill_detail_bill_id`),
  ADD KEY `tbl_bill_detail_ibfk_2` (`bill_detail_product_id`);

--
-- Chỉ mục cho bảng `tbl_customer`
--
ALTER TABLE `tbl_customer`
  ADD PRIMARY KEY (`customer_id`);

--
-- Chỉ mục cho bảng `tbl_news`
--
ALTER TABLE `tbl_news`
  ADD PRIMARY KEY (`news_id`);

--
-- Chỉ mục cho bảng `tbl_products`
--
ALTER TABLE `tbl_products`
  ADD PRIMARY KEY (`product_id`),
  ADD KEY `tbl_products_ibfk_1` (`product_type_id`);

--
-- Chỉ mục cho bảng `tbl_slide`
--
ALTER TABLE `tbl_slide`
  ADD PRIMARY KEY (`slide_id`);

--
-- Chỉ mục cho bảng `tbl_type_products`
--
ALTER TABLE `tbl_type_products`
  ADD PRIMARY KEY (`type_product_id`);

--
-- Chỉ mục cho bảng `tbl_users`
--
ALTER TABLE `tbl_users`
  ADD PRIMARY KEY (`id`);

--
-- AUTO_INCREMENT cho các bảng đã đổ
--

--
-- AUTO_INCREMENT cho bảng `tbl_bills`
--
ALTER TABLE `tbl_bills`
  MODIFY `bill_id` int(11) NOT NULL AUTO_INCREMENT COMMENT 'id hóa đơn', AUTO_INCREMENT=41;

--
-- AUTO_INCREMENT cho bảng `tbl_bill_detail`
--
ALTER TABLE `tbl_bill_detail`
  MODIFY `bill_detail_id` int(11) NOT NULL AUTO_INCREMENT COMMENT 'id', AUTO_INCREMENT=40;

--
-- AUTO_INCREMENT cho bảng `tbl_customer`
--
ALTER TABLE `tbl_customer`
  MODIFY `customer_id` int(11) NOT NULL AUTO_INCREMENT COMMENT 'id khách hàng', AUTO_INCREMENT=42;

--
-- AUTO_INCREMENT cho bảng `tbl_news`
--
ALTER TABLE `tbl_news`
  MODIFY `news_id` int(11) NOT NULL AUTO_INCREMENT, AUTO_INCREMENT=12;

--
-- AUTO_INCREMENT cho bảng `tbl_products`
--
ALTER TABLE `tbl_products`
  MODIFY `product_id` int(11) NOT NULL AUTO_INCREMENT COMMENT 'id sản phẩm', AUTO_INCREMENT=32;

--
-- AUTO_INCREMENT cho bảng `tbl_slide`
--
ALTER TABLE `tbl_slide`
  MODIFY `slide_id` int(11) NOT NULL AUTO_INCREMENT, AUTO_INCREMENT=8;

--
-- AUTO_INCREMENT cho bảng `tbl_type_products`
--
ALTER TABLE `tbl_type_products`
  MODIFY `type_product_id` int(11) NOT NULL AUTO_INCREMENT COMMENT 'id loại sản phẩm', AUTO_INCREMENT=9;

--
-- AUTO_INCREMENT cho bảng `tbl_users`
--
ALTER TABLE `tbl_users`
  MODIFY `id` int(11) UNSIGNED NOT NULL AUTO_INCREMENT, AUTO_INCREMENT=13;

--
-- Các ràng buộc cho các bảng đã đổ
--

--
-- Các ràng buộc cho bảng `tbl_bills`
--
ALTER TABLE `tbl_bills`
  ADD CONSTRAINT `tbl_bills_ibfk_1` FOREIGN KEY (`bill_customer_id`) REFERENCES `tbl_customer` (`customer_id`);

--
-- Các ràng buộc cho bảng `tbl_bill_detail`
--
ALTER TABLE `tbl_bill_detail`
  ADD CONSTRAINT `tbl_bill_detail_ibfk_1` FOREIGN KEY (`bill_detail_bill_id`) REFERENCES `tbl_bills` (`bill_id`),
  ADD CONSTRAINT `tbl_bill_detail_ibfk_2` FOREIGN KEY (`bill_detail_product_id`) REFERENCES `tbl_products` (`product_id`);

--
-- Các ràng buộc cho bảng `tbl_products`
--
ALTER TABLE `tbl_products`
  ADD CONSTRAINT `tbl_products_ibfk_1` FOREIGN KEY (`product_type_id`) REFERENCES `tbl_type_products` (`type_product_id`);
COMMIT;

/*!40101 SET CHARACTER_SET_CLIENT=@OLD_CHARACTER_SET_CLIENT */;
/*!40101 SET CHARACTER_SET_RESULTS=@OLD_CHARACTER_SET_RESULTS */;
/*!40101 SET COLLATION_CONNECTION=@OLD_COLLATION_CONNECTION */;
